DEBUG:root:* Initialize Output
  ...generate file name results/MEA_Allegro_0/example/log
  ...open log file results/MEA_Allegro_0/example/log
  ...generate file name results/MEA_Allegro_0/example/metrics_epoch.csv
  ...open log file results/MEA_Allegro_0/example/metrics_epoch.csv
  ...generate file name results/MEA_Allegro_0/example/metrics_initialization.csv
  ...open log file results/MEA_Allegro_0/example/metrics_initialization.csv
  ...generate file name results/MEA_Allegro_0/example/metrics_batch_train.csv
  ...open log file results/MEA_Allegro_0/example/metrics_batch_train.csv
  ...generate file name results/MEA_Allegro_0/example/metrics_batch_val.csv
  ...open log file results/MEA_Allegro_0/example/metrics_batch_val.csv
  ...generate file name results/MEA_Allegro_0/example/best_model.pth
  ...generate file name results/MEA_Allegro_0/example/last_model.pth
  ...generate file name results/MEA_Allegro_0/example/trainer.pth
  ...generate file name results/MEA_Allegro_0/example/config.yaml
Torch device: cuda:0
instantiate Loss
...Loss_param = dict(
...   optional_args = {'coeff_schedule': 'constant'},
...   positional_args = {'coeffs': {'forces': 1.0, 'total_energy': [1.0, 'PerAtomMSELoss']}})
instantiate MSELoss
...MSELoss_param = dict(
...   optional_args = {'size_average': None, 'reduce': None},
...   positional_args = {'reduction': 'none'})
 parsing forces 1.0
 parsing 1.0 MSELoss
instantiate MSELoss
...MSELoss_param = dict(
...   optional_args = {'size_average': None, 'reduce': None},
...   positional_args = {'reduction': 'none'})
 parsing total_energy [1.0, 'PerAtomMSELoss']
 parsing 1.0 PerAtomMSELoss
create loss instance <class 'nequip.train._loss.PerAtomLoss'>
instantiate MSELoss
...MSELoss_param = dict(
...   optional_args = {'size_average': None, 'reduce': None},
...   positional_args = {'reduction': 'none'})
Building ETN model...
instantiate PairTypeEmbedding
        all_args :                                           num_types
...PairTypeEmbedding_param = dict(
...   optional_args = {'num_types': 4},
...   positional_args = {'irreps_in': None})
instantiate OneHotAtomEncoding
        all_args :                                           num_types
...OneHotAtomEncoding_param = dict(
...   optional_args = {'set_features': True, 'num_types': 4},
...   positional_args = {'irreps_in': {'pos': 1x1oe, 'edge_index': None, 'edge_types': 1x0ee}})
instantiate RadialBasisEdgeEncoding
        all_args :                                  basis_kwargs.r_max <-                                              r_max
        all_args :            basis_kwargs.original_basis_kwargs.r_max <-                                              r_max
        all_args :        basis_kwargs.original_basis_kwargs.trainable <-                              BesselBasis_trainable
        all_args :                                 cutoff_kwargs.r_max <-                                              r_max
        all_args :                                     cutoff_kwargs.p <-                                 PolynomialCutoff_p
   optional_args :                                               basis
   optional_args :                                           out_field
...RadialBasisEdgeEncoding_param = dict(
...   optional_args = {'basis': <class 'allegro.nn._norm_basis.NormalizedBasis'>, 'cutoff': <class 'nequip.nn.cutoffs.PolynomialCutoff'>, 'basis_kwargs': {'r_min': 0.0, 'original_basis': <class 'nequip.nn.radial_basis.BesselBasis'>, 'original_basis_kwargs': {'num_basis': 8, 'trainable': True, 'r_max': 5.0}, 'n': 4000, 'norm_basis_mean_shift': True, 'r_max': 5.0}, 'cutoff_kwargs': {'p': 5, 'r_max': 5.0}, 'out_field': 'edge_embedding'},
...   positional_args = {'irreps_in': {'pos': 1x1oe, 'edge_index': None, 'edge_types': 1x0ee, 'node_attrs': 4x0ee, 'node_features': 4x0ee}})
instantiate SphericalHarmonicEdgeAttrs
        all_args :                                      irreps_edge_sh
...SphericalHarmonicEdgeAttrs_param = dict(
...   optional_args = {'edge_sh_normalization': 'component', 'edge_sh_normalize': True, 'out_field': 'edge_attrs', 'irreps_edge_sh': '1x0ee+1x1oe+1x2ee'},
...   positional_args = {'irreps_in': {'pos': 1x1oe, 'edge_index': None, 'edge_types': 1x0ee, 'node_attrs': 4x0ee, 'node_features': 4x0ee, 'edge_embedding': 8x0ee, 'edge_cutoff': 1x0ee}})
instantiate EdgeFeatures_F
        all_args :                                           num_types
   optional_args :                                                  Nc
   optional_args :                                         N_rank_spec
   optional_args :                                           out_field
...EdgeFeatures_F_param = dict(
...   optional_args = {'num_basis': 8, 'N_rank_spec': 4, 'out_field': 'edge_features_F', 'Nc': 8, 'num_types': 4},
...   positional_args = {'irreps_in': {'pos': 1x1oe, 'edge_index': None, 'edge_types': 1x0ee, 'node_attrs': 4x0ee, 'node_features': 4x0ee, 'edge_embedding': 8x0ee, 'edge_cutoff': 1x0ee, 'edge_attrs': 1x0ee+1x1oe+1x2ee}})
/pscratch/sd/v/vladygin/doped-Si_project/MLFF_TDEP/testbench/lib/python3.10/site-packages/torch/jit/_check.py:178: UserWarning: The TorchScript type system doesn't support instance-level annotations on empty non-base types in `__init__`. Instead, either 1) use a type annotation in the class body, or 2) wrap the type in `torch.jit.Attribute`.
  warnings.warn(
instantiate EdgewiseFSum
        all_args :                                           num_types
        all_args :                                   avg_num_neighbors
...EdgewiseFSum_param = dict(
...   optional_args = {'avg_num_neighbors': 26.18090057373047, 'normalize_edge_features_f': True, 'per_edge_species_scale': False, 'num_types': 4},
...   positional_args = {'irreps_in': {'pos': 1x1oe, 'edge_index': None, 'edge_types': 1x0ee, 'node_attrs': 4x0ee, 'node_features': 4x0ee, 'edge_embedding': 8x0ee, 'edge_cutoff': 1x0ee, 'edge_attrs': 1x0ee+1x1oe+1x2ee, 'edge_features_F': 8x0ee+8x1oe+8x2ee}})
instantiate ETN_ALS_Module_opt
   optional_args :                                          N_rank_ett
   optional_args :                                                   d
   optional_args :                                           out_field
...ETN_ALS_Module_opt_param = dict(
...   optional_args = {'out_field': 'atomic_energy', 'd': 5, 'N_rank_ett': [8, 8, 8, 8]},
...   positional_args = {'irreps_in': {'pos': 1x1oe, 'edge_index': None, 'edge_types': 1x0ee, 'node_attrs': 4x0ee, 'node_features': 4x0ee, 'edge_embedding': 8x0ee, 'edge_cutoff': 1x0ee, 'edge_attrs': 1x0ee+1x1oe+1x2ee, 'edge_features_F': 8x0ee+8x1oe+8x2ee, 'node_features_F': 8x0ee+8x1oe+8x2ee}})
/pscratch/sd/v/vladygin/doped-Si_project/MLFF_TDEP/testbench/lib/python3.10/site-packages/torch/jit/_check.py:178: UserWarning: The TorchScript type system doesn't support instance-level annotations on empty non-base types in `__init__`. Instead, either 1) use a type annotation in the class body, or 2) wrap the type in `torch.jit.Attribute`.
  warnings.warn(
/pscratch/sd/v/vladygin/doped-Si_project/MLFF_TDEP/testbench/lib/python3.10/site-packages/torch/jit/_check.py:178: UserWarning: The TorchScript type system doesn't support instance-level annotations on empty non-base types in `__init__`. Instead, either 1) use a type annotation in the class body, or 2) wrap the type in `torch.jit.Attribute`.
  warnings.warn(
/pscratch/sd/v/vladygin/doped-Si_project/MLFF_TDEP/testbench/lib/python3.10/site-packages/torch/jit/_check.py:178: UserWarning: The TorchScript type system doesn't support instance-level annotations on empty non-base types in `__init__`. Instead, either 1) use a type annotation in the class body, or 2) wrap the type in `torch.jit.Attribute`.
  warnings.warn(
instantiate AtomwiseReduce
   optional_args :                                               field
   optional_args :                                              reduce
   optional_args :                                           out_field
...AtomwiseReduce_param = dict(
...   optional_args = {'out_field': 'total_energy', 'reduce': 'sum', 'avg_num_atoms': None, 'field': 'atomic_energy'},
...   positional_args = {'irreps_in': {'pos': 1x1oe, 'edge_index': None, 'edge_types': 1x0ee, 'node_attrs': 4x0ee, 'node_features': 4x0ee, 'edge_embedding': 8x0ee, 'edge_cutoff': 1x0ee, 'edge_attrs': 1x0ee+1x1oe+1x2ee, 'edge_features_F': 8x0ee+8x1oe+8x2ee, 'node_features_F': 8x0ee+8x1oe+8x2ee, 'node_features_ETN': 8x0ee+8x1oe+8x2ee, 'atomic_energy': 1x0ee}})
Replace string dataset_forces_rms to 0.8583643436431885
Replace string dataset_per_atom_total_energy_mean to -11.41569709777832
Atomic outputs are scaled by: [Nb, Mo, Ta, W: 0.858364], shifted by [Nb, Mo, Ta, W: -11.415697].
instantiate PerSpeciesScaleShift
        all_args :                                           num_types
        all_args :                                       default_dtype
        all_args :                                          type_names
   optional_args :                                              scales
   optional_args :                          arguments_in_dataset_units
   optional_args :                                               field
   optional_args :                                           out_field
   optional_args :                                              shifts
...PerSpeciesScaleShift_param = dict(
...   optional_args = {'out_field': 'atomic_energy', 'scales_trainable': False, 'shifts_trainable': False, 'default_dtype': 'float32', 'num_types': 4, 'type_names': ['Nb', 'Mo', 'Ta', 'W'], 'field': 'atomic_energy', 'shifts': tensor(-11.4157), 'scales': tensor(0.8584), 'arguments_in_dataset_units': True},
...   positional_args = {'irreps_in': {'pos': 1x1oe, 'edge_index': None, 'edge_types': 1x0ee, 'node_attrs': 4x0ee, 'node_features': 4x0ee, 'edge_embedding': 8x0ee, 'edge_cutoff': 1x0ee, 'edge_attrs': 1x0ee+1x1oe+1x2ee, 'edge_features_F': 8x0ee+8x1oe+8x2ee, 'node_features_F': 8x0ee+8x1oe+8x2ee, 'node_features_ETN': 8x0ee+8x1oe+8x2ee, 'atomic_energy': 1x0ee}})
Replace string dataset_forces_rms to 0.8583643436431885
Initially outputs are globally scaled by: 0.8583643436431885, total_energy are globally shifted by None.
PerSpeciesScaleShift's arguments were in dataset units; rescaling:
  Original scales: [Nb: 0.858364, Mo: 0.858364, Ta: 0.858364, W: 0.858364] shifts: [Nb: -11.415697, Mo: -11.415697, Ta: -11.415697, W: -11.415697]
  New scales: [Nb: 1.000000, Mo: 1.000000, Ta: 1.000000, W: 1.000000] shifts: [Nb: -13.299361, Mo: -13.299361, Ta: -13.299361, W: -13.299361]
Number of weights: 18248
Number of trainable weights: 18248
instantiate Adam
        all_args :                                             amsgrad <-                           optimizer_params.amsgrad
        all_args :                                                 eps <-                               optimizer_params.eps
        all_args :                                        weight_decay <-                      optimizer_params.weight_decay
        all_args :                                               betas <-                             optimizer_params.betas
...Adam_param = dict(
...   optional_args = {'betas': (0.9, 0.999), 'eps': 1e-08, 'weight_decay': 0.0, 'amsgrad': False, 'foreach': None, 'maximize': False, 'capturable': False, 'differentiable': False, 'fused': None},
...   positional_args = {'params': <generator object Module.parameters at 0x7fa726e77f40>, 'lr': 0.001})
instantiate ReduceLROnPlateau
        all_args :                                            patience <-                              lr_scheduler_patience
        all_args :                                              factor <-                                lr_scheduler_factor
...ReduceLROnPlateau_param = dict(
...   optional_args = {'mode': 'min', 'factor': 0.5, 'patience': 50, 'threshold': 0.0001, 'threshold_mode': 'rel', 'cooldown': 0, 'min_lr': 0, 'eps': 1e-08, 'verbose': 'deprecated'},
...   positional_args = {'optimizer': Adam (
Parameter Group 0
    amsgrad: False
    betas: (0.9, 0.999)
    capturable: False
    differentiable: False
    eps: 1e-08
    foreach: None
    fused: None
    lr: 0.001
    maximize: False
    weight_decay: 0.0
)})
get args for EarlyStopping
        all_args :                                           patiences <-                           early_stopping_patiences
        all_args :                                        upper_bounds <-                        early_stopping_upper_bounds
        all_args :                                        lower_bounds <-                        early_stopping_lower_bounds
...EarlyStopping_param = dict(
...   optional_args = {'lower_bounds': {'LR': 1e-05}, 'upper_bounds': {'cumulative_wall': 604800.0}, 'patiences': {'validation_loss': 100}, 'delta': {}, 'cumulative_delta': False},
...   positional_args = {})
! Starting training ...
Saved trainer to results/MEA_Allegro_0/example/trainer.pth
Saved last model to to results/MEA_Allegro_0/example/last_model.pth
instantiate Metrics
...Metrics_param = dict(
...   optional_args = {},
...   positional_args = {'components': [['forces', 'mae'], ['forces', 'rmse'], ['total_energy', 'mae'], ['total_energy', 'mae', {'PerAtom': True}]]})
instantiate L1Loss
...L1Loss_param = dict(
...   optional_args = {'size_average': None, 'reduce': None},
...   positional_args = {'reduction': 'none'})
instantiate L1Loss
...L1Loss_param = dict(
...   optional_args = {'size_average': None, 'reduce': None},
...   positional_args = {'reduction': 'none'})
instantiate L1Loss
...L1Loss_param = dict(
...   optional_args = {'size_average': None, 'reduce': None},
...   positional_args = {'reduction': 'none'})
instantiate L1Loss
...L1Loss_param = dict(
...   optional_args = {'size_average': None, 'reduce': None},
...   positional_args = {'reduction': 'none'})

validation
# Epoch batch         loss       loss_f       loss_e        f_mae       f_rmse        e_mae      e/N_mae
      0   100         3.55         2.26         1.29        0.774         1.29         26.4        0.707


  Initialization     #    Epoch      wal       LR       loss_f       loss_e         loss        f_mae       f_rmse        e_mae      e/N_mae
! Initial Validation          0   25.889    0.001         1.05          1.1         2.15        0.539        0.965         16.8        0.731
Wall time: 25.897287085987045
! Best model        0    2.153
Saved trainer to results/MEA_Allegro_0/example/trainer.pth
Saved last model to to results/MEA_Allegro_0/example/last_model.pth

training
# Epoch batch         loss       loss_f       loss_e        f_mae       f_rmse        e_mae      e/N_mae
      1   100         2.19         1.51        0.677        0.586         1.06         9.98        0.535
      1   200        0.524       0.0923        0.432        0.178        0.261         12.3        0.435
      1   300        0.693       0.0986        0.594        0.154         0.27          4.7        0.459
      1   400        0.691        0.592       0.0998        0.426         0.66         6.39        0.237
      1   500        0.184        0.128       0.0558         0.23        0.308         5.02        0.163

validation
# Epoch batch         loss       loss_f       loss_e        f_mae       f_rmse        e_mae      e/N_mae
      1   100        0.301         0.26       0.0413        0.298        0.438         4.44        0.147


  Train      #    Epoch      wal       LR       loss_f       loss_e         loss        f_mae       f_rmse        e_mae      e/N_mae
! Train               1  176.750    0.001        0.563        0.332        0.895        0.374        0.684         8.72        0.348
! Validation          1  176.750    0.001        0.442       0.0798        0.522        0.359        0.653         5.34        0.187
Wall time: 176.76052983298723
! Best model        1    0.522
Saved trainer to results/MEA_Allegro_0/example/trainer.pth
Saved last model to to results/MEA_Allegro_0/example/last_model.pth

training
# Epoch batch         loss       loss_f       loss_e        f_mae       f_rmse        e_mae      e/N_mae
      2   100       0.0788       0.0578        0.021        0.118        0.206          1.7        0.106
      2   200        0.109       0.0821       0.0271        0.146        0.246         1.62        0.106
      2   300        0.073       0.0528       0.0201        0.125        0.197         1.19       0.0753
      2   400         0.31        0.263       0.0469        0.302         0.44         2.18        0.119
      2   500       0.0734       0.0529       0.0206        0.116        0.197         2.37        0.101

validation
# Epoch batch         loss       loss_f       loss_e        f_mae       f_rmse        e_mae      e/N_mae
      2   100        0.184        0.164       0.0194        0.237        0.348         2.79       0.0974


  Train      #    Epoch      wal       LR       loss_f       loss_e         loss        f_mae       f_rmse        e_mae      e/N_mae
! Train               2  324.022    0.001        0.275       0.0581        0.333        0.273        0.486         4.56        0.152
! Validation          2  324.022    0.001        0.245        0.037        0.282        0.277        0.494         4.03        0.126
Wall time: 324.0317996679951
! Best model        2    0.282
Saved trainer to results/MEA_Allegro_0/example/trainer.pth
Saved last model to to results/MEA_Allegro_0/example/last_model.pth

training
# Epoch batch         loss       loss_f       loss_e        f_mae       f_rmse        e_mae      e/N_mae
      3   100        0.258        0.205       0.0538        0.218        0.388         4.69         0.16
      3   200       0.0657       0.0475       0.0182        0.109        0.187         1.38        0.108
      3   300         0.36        0.337       0.0235         0.32        0.498          4.7        0.113
      3   400        0.364        0.329       0.0354        0.259        0.492         3.17        0.123
      3   500       0.0669       0.0531       0.0137        0.127        0.198         1.43        0.083

validation
# Epoch batch         loss       loss_f       loss_e        f_mae       f_rmse        e_mae      e/N_mae
      3   100        0.138         0.13      0.00746        0.213         0.31         1.54       0.0612


  Train      #    Epoch      wal       LR       loss_f       loss_e         loss        f_mae       f_rmse        e_mae      e/N_mae
! Train               3  482.430    0.001        0.195        0.038        0.233         0.23        0.408         3.74        0.122
! Validation          3  482.430    0.001        0.188       0.0254        0.213        0.242        0.434         3.33        0.102
Wall time: 482.4385640709952
! Best model        3    0.213
Saved trainer to results/MEA_Allegro_0/example/trainer.pth
Saved last model to to results/MEA_Allegro_0/example/last_model.pth

training
# Epoch batch         loss       loss_f       loss_e        f_mae       f_rmse        e_mae      e/N_mae
      4   100        0.294        0.279       0.0152        0.257        0.453         1.55       0.0854
      4   200        0.302        0.287       0.0154        0.287         0.46         3.99       0.0823
      4   300       0.0604       0.0368       0.0236         0.11        0.165          2.1        0.103
      4   400          0.3        0.272       0.0286        0.256        0.447         3.11        0.105
      4   500       0.0782       0.0559       0.0223        0.148        0.203         3.66       0.0816

validation
# Epoch batch         loss       loss_f       loss_e        f_mae       f_rmse        e_mae      e/N_mae
      4   100        0.108        0.105      0.00314        0.194        0.278        0.845       0.0391


  Train      #    Epoch      wal       LR       loss_f       loss_e         loss        f_mae       f_rmse        e_mae      e/N_mae
! Train               4  630.241    0.001        0.157       0.0291        0.186        0.207        0.369         3.27        0.104
! Validation          4  630.241    0.001        0.156       0.0197        0.176        0.219        0.396         2.91       0.0866
Wall time: 630.249410392993
! Best model        4    0.176
Saved trainer to results/MEA_Allegro_0/example/trainer.pth
Saved last model to to results/MEA_Allegro_0/example/last_model.pth

training
# Epoch batch         loss       loss_f       loss_e        f_mae       f_rmse        e_mae      e/N_mae
      5   100        0.693        0.673       0.0199        0.434        0.704         4.44       0.0904
      5   200       0.0665       0.0228       0.0437       0.0901         0.13         4.53        0.101
      5   300       0.0276       0.0227      0.00488       0.0758        0.129        0.718       0.0499
      5   400       0.0405       0.0362      0.00431        0.114        0.163        0.637       0.0465
      5   500       0.0295       0.0225        0.007       0.0885        0.129         1.55       0.0505

validation
# Epoch batch         loss       loss_f       loss_e        f_mae       f_rmse        e_mae      e/N_mae
      5   100       0.0903       0.0876      0.00273        0.179        0.254        0.847       0.0373


  Train      #    Epoch      wal       LR       loss_f       loss_e         loss        f_mae       f_rmse        e_mae      e/N_mae
! Train               5  779.798    0.001        0.136       0.0243         0.16        0.192        0.342         2.96       0.0943
! Validation          5  779.798    0.001        0.135       0.0161        0.151        0.204        0.367         2.61       0.0759
Wall time: 779.8084301239869
! Best model        5    0.151
Saved trainer to results/MEA_Allegro_0/example/trainer.pth
Saved last model to to results/MEA_Allegro_0/example/last_model.pth

training
# Epoch batch         loss       loss_f       loss_e        f_mae       f_rmse        e_mae      e/N_mae
      6   100       0.0289       0.0203      0.00863       0.0668        0.122        0.531       0.0526
      6   200       0.0455       0.0282       0.0173       0.0956        0.144         2.33       0.0722
      6   300        0.114       0.0958       0.0186        0.185        0.266         4.39       0.0873
      6   400        0.203        0.193       0.0102        0.203        0.377         1.23       0.0671
      6   500         0.18        0.166       0.0135        0.204         0.35         2.77       0.0699

validation
# Epoch batch         loss       loss_f       loss_e        f_mae       f_rmse        e_mae      e/N_mae
      6   100       0.0809       0.0787      0.00217        0.168        0.241        0.853       0.0321


  Train      #    Epoch      wal       LR       loss_f       loss_e         loss        f_mae       f_rmse        e_mae      e/N_mae
! Train               6  928.259    0.001         0.12       0.0202         0.14        0.181        0.322         2.71        0.084
! Validation          6  928.259    0.001        0.119       0.0136        0.133        0.193        0.345         2.41       0.0689
Wall time: 928.2687809719937
! Best model        6    0.133
Saved trainer to results/MEA_Allegro_0/example/trainer.pth
Saved last model to to results/MEA_Allegro_0/example/last_model.pth

training
# Epoch batch         loss       loss_f       loss_e        f_mae       f_rmse        e_mae      e/N_mae
      7   100       0.0873       0.0656       0.0218        0.136         0.22         3.53        0.109
      7   200       0.0828       0.0699       0.0129        0.145        0.227         3.01        0.082
      7   300         0.03       0.0241      0.00595         0.09        0.133         1.11        0.058
      7   400        0.147        0.139      0.00829        0.193         0.32         2.01       0.0578
      7   500       0.0499       0.0386       0.0112        0.121        0.169         3.87       0.0763

validation
# Epoch batch         loss       loss_f       loss_e        f_mae       f_rmse        e_mae      e/N_mae
      7   100       0.0698       0.0677       0.0021        0.157        0.223        0.768        0.029


  Train      #    Epoch      wal       LR       loss_f       loss_e         loss        f_mae       f_rmse        e_mae      e/N_mae
! Train               7 1079.350    0.001        0.108       0.0181        0.126        0.172        0.304         2.54       0.0788
! Validation          7 1079.350    0.001        0.106       0.0116        0.118        0.182        0.324         2.22       0.0622
Wall time: 1079.3599529589992
! Best model        7    0.118
Saved trainer to results/MEA_Allegro_0/example/trainer.pth
Saved last model to to results/MEA_Allegro_0/example/last_model.pth

training
# Epoch batch         loss       loss_f       loss_e        f_mae       f_rmse        e_mae      e/N_mae
      8   100        0.181        0.166       0.0148        0.192         0.35         2.93       0.0731
      8   200       0.0686       0.0557        0.013        0.135        0.203         2.19       0.0817
      8   300        0.175        0.155       0.0199        0.232        0.338         2.38       0.0809
      8   400       0.0401       0.0163       0.0237       0.0643         0.11        0.529       0.0888
      8   500       0.0354       0.0258      0.00963        0.083        0.138         1.83       0.0604

validation
# Epoch batch         loss       loss_f       loss_e        f_mae       f_rmse        e_mae      e/N_mae
      8   100       0.0629       0.0606      0.00226        0.148        0.211        0.761       0.0309


  Train      #    Epoch      wal       LR       loss_f       loss_e         loss        f_mae       f_rmse        e_mae      e/N_mae
! Train               8 1227.576    0.001        0.097       0.0159        0.113        0.164        0.289         2.35       0.0724
! Validation          8 1227.576    0.001       0.0955         0.01        0.106        0.174        0.307         2.06       0.0571
Wall time: 1227.5831560629886
! Best model        8    0.106
Saved trainer to results/MEA_Allegro_0/example/trainer.pth
Saved last model to to results/MEA_Allegro_0/example/last_model.pth

training
# Epoch batch         loss       loss_f       loss_e        f_mae       f_rmse        e_mae      e/N_mae
      9   100        0.143        0.117       0.0259        0.195        0.293         4.25        0.114
      9   200       0.0486       0.0439      0.00468        0.125         0.18         1.28        0.046
      9   300      0.00741      0.00311       0.0043        0.025       0.0478        0.824       0.0515
      9   400       0.0171      0.00977      0.00737       0.0422       0.0849        0.886       0.0641
      9   500        0.023       0.0183      0.00463       0.0733        0.116        0.706       0.0409

validation
# Epoch batch         loss       loss_f       loss_e        f_mae       f_rmse        e_mae      e/N_mae
      9   100       0.0558       0.0539      0.00195        0.137        0.199        0.537       0.0267


  Train      #    Epoch      wal       LR       loss_f       loss_e         loss        f_mae       f_rmse        e_mae      e/N_mae
! Train               9 1376.577    0.001       0.0856       0.0142       0.0998        0.156        0.274         2.23       0.0683
! Validation          9 1376.577    0.001       0.0858       0.0088       0.0946        0.164        0.291         1.89       0.0526
Wall time: 1376.586620844988
! Best model        9    0.095
Saved trainer to results/MEA_Allegro_0/example/trainer.pth
Saved last model to to results/MEA_Allegro_0/example/last_model.pth

training
# Epoch batch         loss       loss_f       loss_e        f_mae       f_rmse        e_mae      e/N_mae
     10   100       0.0324         0.03       0.0024       0.0901        0.149         0.63       0.0349
     10   200        0.127        0.109        0.018        0.185        0.284         5.43       0.0831
     10   300        0.162        0.151       0.0113        0.207        0.333         2.49       0.0724
     10   400        0.104        0.102      0.00135        0.156        0.275        0.532       0.0269
     10   500       0.0872       0.0789      0.00831        0.159        0.241         1.55       0.0677

validation
# Epoch batch         loss       loss_f       loss_e        f_mae       f_rmse        e_mae      e/N_mae
     10   100       0.0527       0.0504      0.00229        0.132        0.193        0.787       0.0343


  Train      #    Epoch      wal       LR       loss_f       loss_e         loss        f_mae       f_rmse        e_mae      e/N_mae
! Train              10 1524.797    0.001       0.0789       0.0128       0.0917         0.15        0.262         2.09       0.0637
! Validation         10 1524.797    0.001        0.077      0.00784       0.0848        0.156        0.275         1.79       0.0497
Wall time: 1524.807176590999
! Best model       10    0.085
Saved trainer to results/MEA_Allegro_0/example/trainer.pth
Saved last model to to results/MEA_Allegro_0/example/last_model.pth

training
# Epoch batch         loss       loss_f       loss_e        f_mae       f_rmse        e_mae      e/N_mae
     11   100       0.0287       0.0241      0.00458       0.0892        0.133         1.19       0.0459
     11   200       0.0243       0.0213      0.00305       0.0847        0.125        0.578       0.0305
     11   300       0.0741       0.0679       0.0062        0.139        0.224         2.37        0.052
     11   400       0.0397       0.0344      0.00535       0.0918        0.159         1.25       0.0536
     11   500       0.0263       0.0222      0.00404       0.0759        0.128        0.603        0.045

validation
# Epoch batch         loss       loss_f       loss_e        f_mae       f_rmse        e_mae      e/N_mae
     11   100       0.0477       0.0454      0.00234        0.124        0.183        0.795       0.0351


  Train      #    Epoch      wal       LR       loss_f       loss_e         loss        f_mae       f_rmse        e_mae      e/N_mae
! Train              11 1673.225    0.001       0.0743       0.0116       0.0859        0.142         0.25         1.96       0.0601
! Validation         11 1673.225    0.001       0.0692      0.00707       0.0763        0.148        0.261         1.68       0.0476
Wall time: 1673.2345774309942
! Best model       11    0.076
Saved trainer to results/MEA_Allegro_0/example/trainer.pth
Saved last model to to results/MEA_Allegro_0/example/last_model.pth

training
# Epoch batch         loss       loss_f       loss_e        f_mae       f_rmse        e_mae      e/N_mae
     12   100       0.0548       0.0349       0.0199        0.111         0.16         3.79        0.111
     12   200         0.14       0.0479       0.0924          0.1        0.188          4.6        0.147
     12   300       0.0228         0.02      0.00277       0.0825        0.121        0.744       0.0406
     12   400        0.106       0.0994      0.00647        0.158        0.271         1.73       0.0544
     12   500        0.118        0.115      0.00349        0.179         0.29         1.91       0.0415

validation
# Epoch batch         loss       loss_f       loss_e        f_mae       f_rmse        e_mae      e/N_mae
     12   100       0.0433       0.0412      0.00215        0.118        0.174         0.76       0.0337


  Train      #    Epoch      wal       LR       loss_f       loss_e         loss        f_mae       f_rmse        e_mae      e/N_mae
! Train              12 1806.534    0.001       0.0647       0.0116       0.0763        0.136        0.239          1.9       0.0599
! Validation         12 1806.534    0.001       0.0639      0.00612         0.07        0.142        0.251          1.5       0.0433
Wall time: 1806.5413481799915
! Best model       12    0.070
Saved trainer to results/MEA_Allegro_0/example/trainer.pth
Saved last model to to results/MEA_Allegro_0/example/last_model.pth

training
# Epoch batch         loss       loss_f       loss_e        f_mae       f_rmse        e_mae      e/N_mae
     13   100       0.0103      0.00838      0.00191       0.0463       0.0786        0.422       0.0285
     13   200        0.108        0.104      0.00461        0.146        0.276        0.977       0.0392
     13   300       0.0416       0.0353      0.00627        0.112        0.161         2.13       0.0486
     13   400       0.0652       0.0461       0.0191        0.121        0.184         1.98        0.086
     13   500        0.183        0.167       0.0159        0.217         0.35         2.73       0.0723

validation
# Epoch batch         loss       loss_f       loss_e        f_mae       f_rmse        e_mae      e/N_mae
     13   100       0.0418       0.0393      0.00254        0.114         0.17        0.874       0.0374


  Train      #    Epoch      wal       LR       loss_f       loss_e         loss        f_mae       f_rmse        e_mae      e/N_mae
! Train              13 1913.434    0.001       0.0639       0.0109       0.0748        0.131        0.232         1.82       0.0585
! Validation         13 1913.434    0.001       0.0594      0.00585       0.0653        0.137        0.242         1.49       0.0437
Wall time: 1913.4416550969909
! Best model       13    0.065
Saved trainer to results/MEA_Allegro_0/example/trainer.pth
Saved last model to to results/MEA_Allegro_0/example/last_model.pth

training
# Epoch batch         loss       loss_f       loss_e        f_mae       f_rmse        e_mae      e/N_mae
     14   100      0.00681       0.0047      0.00211       0.0363       0.0589        0.494       0.0318
     14   200       0.0605       0.0576      0.00289        0.122        0.206        0.708       0.0376
     14   300       0.0534         0.05      0.00338        0.111        0.192        0.554       0.0427
     14   400       0.0146       0.0114      0.00318       0.0666       0.0918        0.946       0.0369
     14   500      0.00751      0.00565      0.00186       0.0394       0.0645        0.528        0.033

validation
# Epoch batch         loss       loss_f       loss_e        f_mae       f_rmse        e_mae      e/N_mae
     14   100       0.0404       0.0381      0.00232        0.111        0.168        0.763       0.0343


  Train      #    Epoch      wal       LR       loss_f       loss_e         loss        f_mae       f_rmse        e_mae      e/N_mae
! Train              14 2008.958    0.001         0.06      0.00972       0.0697        0.127        0.225         1.71       0.0549
! Validation         14 2008.958    0.001       0.0563      0.00524       0.0616        0.133        0.236         1.39       0.0412
Wall time: 2008.964018335988
! Best model       14    0.062
Saved trainer to results/MEA_Allegro_0/example/trainer.pth
Saved last model to to results/MEA_Allegro_0/example/last_model.pth

training
# Epoch batch         loss       loss_f       loss_e        f_mae       f_rmse        e_mae      e/N_mae
     15   100       0.0416       0.0352       0.0064        0.107        0.161         2.57       0.0535
     15   200       0.0105      0.00791      0.00263       0.0421       0.0763        0.529       0.0376
     15   300       0.0418       0.0354      0.00648        0.104        0.161         1.02       0.0534
     15   400       0.0952       0.0863      0.00889         0.17        0.252         2.47       0.0682
     15   500        0.137         0.13      0.00627        0.188         0.31         1.34        0.056

validation
# Epoch batch         loss       loss_f       loss_e        f_mae       f_rmse        e_mae      e/N_mae
     15   100       0.0393       0.0367      0.00262        0.108        0.164        0.794       0.0366


  Train      #    Epoch      wal       LR       loss_f       loss_e         loss        f_mae       f_rmse        e_mae      e/N_mae
! Train              15 2094.890    0.001       0.0557      0.00957       0.0653        0.123        0.218         1.67       0.0544
! Validation         15 2094.890    0.001        0.054      0.00491       0.0589        0.129        0.231         1.28       0.0387
Wall time: 2094.895888355997
! Best model       15    0.059
Saved trainer to results/MEA_Allegro_0/example/trainer.pth
Saved last model to to results/MEA_Allegro_0/example/last_model.pth

training
# Epoch batch         loss       loss_f       loss_e        f_mae       f_rmse        e_mae      e/N_mae
     16   100       0.0842       0.0779      0.00632        0.156         0.24          2.4       0.0536
     16   200       0.0175       0.0114      0.00607       0.0536       0.0918         1.16       0.0577
     16   300       0.0564       0.0437       0.0127        0.121        0.179         2.57       0.0637
     16   400       0.0333       0.0185       0.0147       0.0839        0.117         3.18       0.0886
     16   500       0.0154      0.00553      0.00982       0.0311       0.0638        0.664       0.0726

validation
# Epoch batch         loss       loss_f       loss_e        f_mae       f_rmse        e_mae      e/N_mae
     16   100       0.0389       0.0365      0.00242        0.107        0.164        0.855       0.0353


  Train      #    Epoch      wal       LR       loss_f       loss_e         loss        f_mae       f_rmse        e_mae      e/N_mae
! Train              16 2180.011    0.001       0.0549      0.00897       0.0639        0.121        0.215          1.6       0.0527
! Validation         16 2180.011    0.001       0.0517      0.00462       0.0563        0.126        0.226         1.29       0.0385
Wall time: 2180.0163416509895
! Best model       16    0.056
Saved trainer to results/MEA_Allegro_0/example/trainer.pth
Saved last model to to results/MEA_Allegro_0/example/last_model.pth

training
# Epoch batch         loss       loss_f       loss_e        f_mae       f_rmse        e_mae      e/N_mae
     17   100       0.0568       0.0262       0.0306       0.0833        0.139         2.27        0.107
     17   200       0.0357       0.0195       0.0162       0.0793         0.12         2.75       0.0681
     17   300        0.088       0.0668       0.0212        0.143        0.222         3.26       0.0717
     17   400        0.286        0.279      0.00716        0.254        0.454         1.74       0.0611
     17   500        0.053       0.0496      0.00335        0.142        0.191         2.26        0.041

validation
# Epoch batch         loss       loss_f       loss_e        f_mae       f_rmse        e_mae      e/N_mae
     17   100       0.0375       0.0352      0.00227        0.104        0.161        0.695       0.0328


  Train      #    Epoch      wal       LR       loss_f       loss_e         loss        f_mae       f_rmse        e_mae      e/N_mae
! Train              17 2264.156    0.001       0.0519      0.00872       0.0606        0.119        0.211         1.57        0.052
! Validation         17 2264.156    0.001       0.0498      0.00446       0.0543        0.124        0.222         1.25       0.0381
Wall time: 2264.162771705989
! Best model       17    0.054
Saved trainer to results/MEA_Allegro_0/example/trainer.pth
Saved last model to to results/MEA_Allegro_0/example/last_model.pth

training
# Epoch batch         loss       loss_f       loss_e        f_mae       f_rmse        e_mae      e/N_mae
     18   100       0.0194      0.00624       0.0132       0.0375       0.0678         1.02       0.0759
     18   200       0.0116      0.00454      0.00705       0.0377       0.0578        0.603        0.053
     18   300       0.0836       0.0799      0.00369         0.14        0.243          1.5       0.0394
     18   400       0.0133       0.0123      0.00102       0.0637       0.0952         0.35       0.0227
     18   500        0.071       0.0687       0.0023        0.124        0.225         0.56       0.0318

validation
# Epoch batch         loss       loss_f       loss_e        f_mae       f_rmse        e_mae      e/N_mae
     18   100       0.0362       0.0339      0.00231        0.104        0.158        0.697       0.0329


  Train      #    Epoch      wal       LR       loss_f       loss_e         loss        f_mae       f_rmse        e_mae      e/N_mae
! Train              18 2361.407    0.001       0.0494      0.00845       0.0578        0.116        0.207         1.51       0.0507
! Validation         18 2361.407    0.001       0.0483      0.00404       0.0523        0.122        0.219         1.16       0.0361
Wall time: 2361.413158216994
! Best model       18    0.052
Saved trainer to results/MEA_Allegro_0/example/trainer.pth
Saved last model to to results/MEA_Allegro_0/example/last_model.pth

training
# Epoch batch         loss       loss_f       loss_e        f_mae       f_rmse        e_mae      e/N_mae
     19   100        0.011      0.00785      0.00311       0.0488        0.076        0.988       0.0424
     19   200       0.0682       0.0656       0.0026        0.154         0.22         1.91       0.0349
     19   300        0.078       0.0619       0.0161        0.126        0.214         3.69       0.0725
     19   400       0.0138       0.0114       0.0024       0.0597       0.0915        0.754       0.0331
     19   500       0.0175       0.0119      0.00558       0.0619       0.0938        0.762       0.0468

validation
# Epoch batch         loss       loss_f       loss_e        f_mae       f_rmse        e_mae      e/N_mae
     19   100       0.0353       0.0332      0.00212        0.101        0.156        0.678       0.0316


  Train      #    Epoch      wal       LR       loss_f       loss_e         loss        f_mae       f_rmse        e_mae      e/N_mae
! Train              19 2452.142    0.001       0.0479      0.00766       0.0555        0.114        0.203         1.43       0.0481
! Validation         19 2452.142    0.001       0.0467      0.00399       0.0506        0.119        0.215         1.16       0.0364
Wall time: 2452.147743788999
! Best model       19    0.051
Saved trainer to results/MEA_Allegro_0/example/trainer.pth
Saved last model to to results/MEA_Allegro_0/example/last_model.pth

training
# Epoch batch         loss       loss_f       loss_e        f_mae       f_rmse        e_mae      e/N_mae
     20   100       0.0167       0.0139      0.00281       0.0709        0.101         1.61       0.0369
     20   200       0.0113      0.00657      0.00468        0.042       0.0696         0.68       0.0445
     20   300       0.0626        0.057      0.00554        0.129        0.205         2.24       0.0531
     20   400       0.0386       0.0295       0.0091       0.0922        0.147         1.64       0.0483
     20   500       0.0241         0.02      0.00408         0.08        0.121         1.26        0.043

validation
# Epoch batch         loss       loss_f       loss_e        f_mae       f_rmse        e_mae      e/N_mae
     20   100       0.0344       0.0323      0.00213       0.0996        0.154        0.609       0.0301


  Train      #    Epoch      wal       LR       loss_f       loss_e         loss        f_mae       f_rmse        e_mae      e/N_mae
! Train              20 2553.738    0.001       0.0481      0.00765       0.0558        0.113        0.202         1.42       0.0479
! Validation         20 2553.738    0.001       0.0454      0.00376       0.0491        0.117        0.212         1.13       0.0352
Wall time: 2553.7462750949926
! Best model       20    0.049
Saved trainer to results/MEA_Allegro_0/example/trainer.pth
Saved last model to to results/MEA_Allegro_0/example/last_model.pth

training
# Epoch batch         loss       loss_f       loss_e        f_mae       f_rmse        e_mae      e/N_mae
     21   100        0.124        0.113       0.0106        0.159        0.289         2.32         0.05
     21   200       0.0151       0.0122      0.00288       0.0573       0.0949        0.915       0.0398
     21   300       0.0133       0.0107      0.00258       0.0516       0.0887        0.635       0.0373
     21   400       0.0852       0.0705       0.0147        0.156        0.228         3.07       0.0579
     21   500       0.0135      0.00983      0.00363       0.0525       0.0851          1.1       0.0374

validation
# Epoch batch         loss       loss_f       loss_e        f_mae       f_rmse        e_mae      e/N_mae
     21   100       0.0345       0.0324      0.00211       0.0992        0.154        0.661       0.0314


  Train      #    Epoch      wal       LR       loss_f       loss_e         loss        f_mae       f_rmse        e_mae      e/N_mae
! Train              21 2693.880    0.001       0.0474      0.00733       0.0547        0.111        0.198         1.39        0.047
! Validation         21 2693.880    0.001        0.044      0.00353       0.0476        0.115        0.209         1.08       0.0339
Wall time: 2693.887793831993
! Best model       21    0.048
Saved trainer to results/MEA_Allegro_0/example/trainer.pth
Saved last model to to results/MEA_Allegro_0/example/last_model.pth

training
# Epoch batch         loss       loss_f       loss_e        f_mae       f_rmse        e_mae      e/N_mae
     22   100       0.0213        0.018      0.00332       0.0765        0.115         1.24       0.0362
     22   200       0.0191       0.0172      0.00195       0.0701        0.112        0.918       0.0305
     22   300       0.0194       0.0143      0.00512       0.0675        0.103        0.585       0.0355
     22   400        0.112         0.11       0.0025        0.179        0.284         1.54        0.034
     22   500        0.113        0.105      0.00898        0.166        0.278         2.25        0.068

validation
# Epoch batch         loss       loss_f       loss_e        f_mae       f_rmse        e_mae      e/N_mae
     22   100       0.0334        0.031      0.00245       0.0975        0.151        0.691       0.0328


  Train      #    Epoch      wal       LR       loss_f       loss_e         loss        f_mae       f_rmse        e_mae      e/N_mae
! Train              22 2840.137    0.001       0.0448      0.00709       0.0519        0.109        0.196         1.35       0.0464
! Validation         22 2840.137    0.001       0.0431      0.00328       0.0463        0.114        0.206         1.04       0.0326
Wall time: 2840.1431891309912
! Best model       22    0.046
Saved trainer to results/MEA_Allegro_0/example/trainer.pth
Saved last model to to results/MEA_Allegro_0/example/last_model.pth

training
# Epoch batch         loss       loss_f       loss_e        f_mae       f_rmse        e_mae      e/N_mae
     23   100        0.136        0.132      0.00348        0.193        0.312         1.69       0.0377
     23   200        0.126        0.115       0.0113        0.178        0.291         2.32       0.0776
     23   300       0.0249       0.0231      0.00178       0.0741         0.13        0.608       0.0307
     23   400      0.00771      0.00628      0.00143       0.0441        0.068        0.474       0.0246
     23   500      0.00342      0.00183      0.00159       0.0207       0.0368         0.28        0.024

validation
# Epoch batch         loss       loss_f       loss_e        f_mae       f_rmse        e_mae      e/N_mae
     23   100       0.0327       0.0308      0.00196       0.0958        0.151        0.695       0.0308


  Train      #    Epoch      wal       LR       loss_f       loss_e         loss        f_mae       f_rmse        e_mae      e/N_mae
! Train              23 2969.412    0.001       0.0429      0.00648       0.0493        0.108        0.193         1.31       0.0446
! Validation         23 2969.412    0.001       0.0422      0.00311       0.0453        0.112        0.204        0.991       0.0314
Wall time: 2969.42072201299
! Best model       23    0.045
Saved trainer to results/MEA_Allegro_0/example/trainer.pth
Saved last model to to results/MEA_Allegro_0/example/last_model.pth

training
# Epoch batch         loss       loss_f       loss_e        f_mae       f_rmse        e_mae      e/N_mae
     24   100       0.0287        0.024       0.0047       0.0802        0.133        0.443       0.0404
     24   200      0.00719      0.00326      0.00393       0.0311        0.049        0.843       0.0444
     24   300       0.0263       0.0227      0.00363       0.0842        0.129         1.35       0.0439
     24   400        0.045        0.036      0.00902        0.115        0.163         2.32       0.0624
     24   500        0.066       0.0294       0.0366       0.0946        0.147         1.96        0.084

validation
# Epoch batch         loss       loss_f       loss_e        f_mae       f_rmse        e_mae      e/N_mae
     24   100       0.0323       0.0302       0.0021       0.0951        0.149        0.732       0.0319


  Train      #    Epoch      wal       LR       loss_f       loss_e         loss        f_mae       f_rmse        e_mae      e/N_mae
! Train              24 3092.773    0.001       0.0424      0.00642       0.0488        0.106        0.191          1.3       0.0449
! Validation         24 3092.773    0.001       0.0411      0.00296       0.0441         0.11        0.202        0.974       0.0308
Wall time: 3092.779829173989
! Best model       24    0.044
Saved trainer to results/MEA_Allegro_0/example/trainer.pth
Saved last model to to results/MEA_Allegro_0/example/last_model.pth

training
# Epoch batch         loss       loss_f       loss_e        f_mae       f_rmse        e_mae      e/N_mae
     25   100       0.0669       0.0605      0.00632        0.114        0.211         1.32       0.0564
     25   200       0.0244       0.0151      0.00937        0.072        0.105         1.95       0.0744
     25   300        0.026       0.0101       0.0159       0.0415       0.0863         1.35       0.0805
     25   400       0.0268       0.0234      0.00333       0.0815        0.131          1.3       0.0396
     25   500       0.0023       0.0013        0.001       0.0173       0.0309        0.392       0.0245

validation
# Epoch batch         loss       loss_f       loss_e        f_mae       f_rmse        e_mae      e/N_mae
     25   100       0.0326       0.0305      0.00203       0.0956         0.15        0.598       0.0296


  Train      #    Epoch      wal       LR       loss_f       loss_e         loss        f_mae       f_rmse        e_mae      e/N_mae
! Train              25 3228.412    0.001       0.0414      0.00639       0.0478        0.105        0.189         1.29       0.0448
! Validation         25 3228.412    0.001       0.0405      0.00285       0.0433        0.109          0.2        0.939       0.0303
Wall time: 3228.4196625389886
! Best model       25    0.043
Saved trainer to results/MEA_Allegro_0/example/trainer.pth
Saved last model to to results/MEA_Allegro_0/example/last_model.pth

training
# Epoch batch         loss       loss_f       loss_e        f_mae       f_rmse        e_mae      e/N_mae
     26   100        0.109        0.107      0.00178         0.14        0.281         0.71       0.0295
     26   200      0.00875      0.00676      0.00199       0.0437       0.0706        0.501       0.0316
     26   300       0.0273       0.0226      0.00471       0.0784        0.129        0.932       0.0452
     26   400       0.0158       0.0144      0.00143       0.0575        0.103        0.691       0.0289
     26   500       0.0185       0.0115      0.00699       0.0587       0.0919         1.24       0.0549

validation
# Epoch batch         loss       loss_f       loss_e        f_mae       f_rmse        e_mae      e/N_mae
     26   100       0.0321       0.0303      0.00182       0.0933        0.149        0.593       0.0278


  Train      #    Epoch      wal       LR       loss_f       loss_e         loss        f_mae       f_rmse        e_mae      e/N_mae
! Train              26 3353.275    0.001       0.0418      0.00569       0.0475        0.104        0.188         1.24        0.043
! Validation         26 3353.275    0.001       0.0396      0.00275       0.0424        0.108        0.198        0.921       0.0295
Wall time: 3353.2812529619987
! Best model       26    0.042
Saved trainer to results/MEA_Allegro_0/example/trainer.pth
Saved last model to to results/MEA_Allegro_0/example/last_model.pth

training
# Epoch batch         loss       loss_f       loss_e        f_mae       f_rmse        e_mae      e/N_mae
     27   100       0.0319       0.0294      0.00246        0.101        0.147         1.29       0.0385
     27   200       0.0567       0.0483      0.00844       0.0985        0.189         1.64       0.0691
     27   300      0.00225      0.00142     0.000823       0.0187       0.0324        0.291       0.0194
     27   400       0.0168       0.0137      0.00305       0.0662          0.1         1.42       0.0395
     27   500       0.0269        0.025      0.00187       0.0846        0.136        0.875        0.031

validation
# Epoch batch         loss       loss_f       loss_e        f_mae       f_rmse        e_mae      e/N_mae
     27   100       0.0318       0.0298      0.00205       0.0934        0.148        0.619       0.0298


  Train      #    Epoch      wal       LR       loss_f       loss_e         loss        f_mae       f_rmse        e_mae      e/N_mae
! Train              27 3481.765    0.001       0.0408      0.00549       0.0463        0.102        0.185          1.2       0.0418
! Validation         27 3481.765    0.001        0.039      0.00258       0.0415        0.107        0.197        0.874       0.0281
Wall time: 3481.777442834995
! Best model       27    0.042
Saved trainer to results/MEA_Allegro_0/example/trainer.pth
Saved last model to to results/MEA_Allegro_0/example/last_model.pth

training
# Epoch batch         loss       loss_f       loss_e        f_mae       f_rmse        e_mae      e/N_mae
     28   100        0.119        0.118      0.00156         0.19        0.294         1.03       0.0304
     28   200       0.0607       0.0519      0.00883        0.134        0.195         2.51       0.0551
     28   300      0.00859      0.00662      0.00197       0.0411       0.0698        0.533       0.0329
     28   400       0.0221       0.0175      0.00465       0.0644        0.114        0.729        0.052
     28   500       0.0755       0.0736      0.00191        0.163        0.233         1.16       0.0336

validation
# Epoch batch         loss       loss_f       loss_e        f_mae       f_rmse        e_mae      e/N_mae
     28   100       0.0308       0.0289      0.00189       0.0919        0.146        0.549       0.0285


  Train      #    Epoch      wal       LR       loss_f       loss_e         loss        f_mae       f_rmse        e_mae      e/N_mae
! Train              28 3604.163    0.001       0.0392      0.00513       0.0443        0.101        0.183         1.16       0.0401
! Validation         28 3604.163    0.001       0.0381      0.00248       0.0406        0.106        0.195        0.845       0.0283
Wall time: 3604.172412572996
! Best model       28    0.041
Saved trainer to results/MEA_Allegro_0/example/trainer.pth
Saved last model to to results/MEA_Allegro_0/example/last_model.pth

training
# Epoch batch         loss       loss_f       loss_e        f_mae       f_rmse        e_mae      e/N_mae
     29   100         0.03       0.0232      0.00688       0.0833        0.131         1.57       0.0502
     29   200        0.101        0.097      0.00387        0.155        0.267         1.37       0.0513
     29   300       0.0183       0.0146      0.00376       0.0729        0.104         1.38       0.0383
     29   400        0.124        0.121      0.00276        0.192        0.299        0.286        0.036
     29   500        0.132        0.129      0.00307        0.189        0.308         1.88       0.0388

validation
# Epoch batch         loss       loss_f       loss_e        f_mae       f_rmse        e_mae      e/N_mae
     29   100       0.0298        0.028      0.00182       0.0902        0.144        0.615       0.0279


  Train      #    Epoch      wal       LR       loss_f       loss_e         loss        f_mae       f_rmse        e_mae      e/N_mae
! Train              29 3718.409    0.001       0.0389      0.00508        0.044       0.0998        0.182         1.17       0.0411
! Validation         29 3718.409    0.001       0.0375      0.00237       0.0398        0.104        0.193         0.83       0.0272
Wall time: 3718.416398738991
! Best model       29    0.040
Saved trainer to results/MEA_Allegro_0/example/trainer.pth
Saved last model to to results/MEA_Allegro_0/example/last_model.pth

training
# Epoch batch         loss       loss_f       loss_e        f_mae       f_rmse        e_mae      e/N_mae
     30   100       0.0207       0.0187      0.00201       0.0694        0.117        0.868       0.0291
     30   200       0.0446       0.0421      0.00248       0.0994        0.176         0.55       0.0332
     30   300        0.014       0.0121      0.00194        0.069       0.0943        0.708       0.0274
     30   400       0.0653       0.0584      0.00695         0.13        0.207         1.76       0.0527
     30   500       0.0457       0.0443      0.00139        0.115        0.181        0.792       0.0268

validation
# Epoch batch         loss       loss_f       loss_e        f_mae       f_rmse        e_mae      e/N_mae
     30   100       0.0298       0.0282      0.00162       0.0908        0.144         0.46       0.0248


  Train      #    Epoch      wal       LR       loss_f       loss_e         loss        f_mae       f_rmse        e_mae      e/N_mae
! Train              30 3842.433    0.001       0.0378      0.00426        0.042        0.098        0.179         1.05       0.0367
! Validation         30 3842.433    0.001       0.0368      0.00225        0.039        0.103        0.191         0.82       0.0268
Wall time: 3842.4386827979906
! Best model       30    0.039
Saved trainer to results/MEA_Allegro_0/example/trainer.pth
Saved last model to to results/MEA_Allegro_0/example/last_model.pth

training
# Epoch batch         loss       loss_f       loss_e        f_mae       f_rmse        e_mae      e/N_mae
     31   100       0.0969       0.0959     0.000994        0.141        0.266        0.514       0.0216
     31   200       0.0742       0.0719      0.00228        0.134         0.23         1.03       0.0303
     31   300       0.0586       0.0561      0.00254        0.113        0.203        0.342         0.03
     31   400       0.0715       0.0676      0.00389        0.132        0.223         2.17       0.0449
     31   500        0.122        0.115      0.00634        0.181        0.291         1.43       0.0469

validation
# Epoch batch         loss       loss_f       loss_e        f_mae       f_rmse        e_mae      e/N_mae
     31   100       0.0296       0.0281      0.00153       0.0902        0.144        0.487       0.0241


  Train      #    Epoch      wal       LR       loss_f       loss_e         loss        f_mae       f_rmse        e_mae      e/N_mae
! Train              31 3970.694    0.001       0.0382      0.00475       0.0429       0.0993        0.181         1.13       0.0396
! Validation         31 3970.694    0.001       0.0364      0.00212       0.0385        0.102         0.19        0.788       0.0255
Wall time: 3970.6959530459862
! Best model       31    0.039
Saved trainer to results/MEA_Allegro_0/example/trainer.pth
Saved last model to to results/MEA_Allegro_0/example/last_model.pth

training
# Epoch batch         loss       loss_f       loss_e        f_mae       f_rmse        e_mae      e/N_mae
     32   100          0.1       0.0973      0.00316        0.131        0.268         0.94        0.033
     32   200       0.0146       0.0141     0.000511       0.0598        0.102        0.337       0.0172
     32   300         0.06       0.0591     0.000906        0.108        0.209        0.431       0.0217
     32   400       0.0121      0.00714      0.00495       0.0502       0.0725         1.23       0.0478
     32   500      0.00619       0.0053     0.000891       0.0381       0.0625        0.317       0.0198

validation
# Epoch batch         loss       loss_f       loss_e        f_mae       f_rmse        e_mae      e/N_mae
     32   100       0.0292       0.0276      0.00165        0.089        0.143        0.488       0.0252


  Train      #    Epoch      wal       LR       loss_f       loss_e         loss        f_mae       f_rmse        e_mae      e/N_mae
! Train              32 4095.047    0.001       0.0367      0.00413       0.0408       0.0964        0.176         1.05       0.0372
! Validation         32 4095.047    0.001       0.0358      0.00205       0.0378        0.101        0.188        0.775       0.0254
Wall time: 4095.052395655992
! Best model       32    0.038
Saved trainer to results/MEA_Allegro_0/example/trainer.pth
Saved last model to to results/MEA_Allegro_0/example/last_model.pth

training
# Epoch batch         loss       loss_f       loss_e        f_mae       f_rmse        e_mae      e/N_mae
     33   100       0.0544       0.0522      0.00219        0.116        0.196         1.08       0.0366
     33   200       0.0263       0.0253      0.00102       0.0931        0.137         1.01       0.0226
     33   300       0.0347       0.0121       0.0226       0.0628       0.0944         2.01       0.0939
     33   400      0.00304      0.00262     0.000427       0.0269       0.0439        0.217       0.0136
     33   500       0.0581       0.0564      0.00168        0.121        0.204        0.513       0.0286

validation
# Epoch batch         loss       loss_f       loss_e        f_mae       f_rmse        e_mae      e/N_mae
     33   100       0.0284       0.0269      0.00158       0.0884        0.141        0.565       0.0258


  Train      #    Epoch      wal       LR       loss_f       loss_e         loss        f_mae       f_rmse        e_mae      e/N_mae
! Train              33 4219.975    0.001       0.0362      0.00398       0.0402       0.0951        0.175         1.03       0.0365
! Validation         33 4219.975    0.001        0.035      0.00205        0.037          0.1        0.186        0.769       0.0256
Wall time: 4219.984915148991
! Best model       33    0.037
Saved trainer to results/MEA_Allegro_0/example/trainer.pth
Saved last model to to results/MEA_Allegro_0/example/last_model.pth

training
# Epoch batch         loss       loss_f       loss_e        f_mae       f_rmse        e_mae      e/N_mae
     34   100      0.00738      0.00422      0.00316       0.0348       0.0557        0.553        0.036
     34   200       0.0153       0.0119      0.00344       0.0659       0.0935         1.15       0.0347
     34   300       0.0196       0.0158      0.00377       0.0609        0.108         1.07       0.0307
     34   400       0.0212       0.0123      0.00891       0.0617       0.0952         1.75       0.0483
     34   500       0.0321       0.0312     0.000831       0.0889        0.152        0.609       0.0211

validation
# Epoch batch         loss       loss_f       loss_e        f_mae       f_rmse        e_mae      e/N_mae
     34   100       0.0293       0.0278      0.00154       0.0891        0.143        0.463       0.0239


  Train      #    Epoch      wal       LR       loss_f       loss_e         loss        f_mae       f_rmse        e_mae      e/N_mae
! Train              34 4344.222    0.001       0.0357        0.004       0.0397       0.0949        0.174         1.02       0.0366
! Validation         34 4344.222    0.001       0.0345      0.00195       0.0364       0.0989        0.185        0.745       0.0245
Wall time: 4344.232097766988
! Best model       34    0.036
Saved trainer to results/MEA_Allegro_0/example/trainer.pth
Saved last model to to results/MEA_Allegro_0/example/last_model.pth

training
# Epoch batch         loss       loss_f       loss_e        f_mae       f_rmse        e_mae      e/N_mae
     35   100       0.0163        0.014       0.0023       0.0618        0.102        0.665       0.0335
     35   200      0.00639      0.00465      0.00174       0.0317       0.0585        0.454       0.0284
     35   300       0.0537       0.0477      0.00599        0.112        0.187         1.16        0.048
     35   400       0.0203       0.0179      0.00243       0.0713        0.115        0.848        0.037
     35   500       0.0278       0.0244      0.00334       0.0924        0.134         1.06       0.0384

validation
# Epoch batch         loss       loss_f       loss_e        f_mae       f_rmse        e_mae      e/N_mae
     35   100       0.0279       0.0264      0.00155       0.0872        0.139        0.482       0.0245


  Train      #    Epoch      wal       LR       loss_f       loss_e         loss        f_mae       f_rmse        e_mae      e/N_mae
! Train              35 4471.207    0.001       0.0352      0.00377        0.039       0.0938        0.172            1       0.0358
! Validation         35 4471.207    0.001        0.034      0.00179       0.0358       0.0979        0.184        0.718        0.024
Wall time: 4471.213261910991
! Best model       35    0.036
Saved trainer to results/MEA_Allegro_0/example/trainer.pth
Saved last model to to results/MEA_Allegro_0/example/last_model.pth

training
# Epoch batch         loss       loss_f       loss_e        f_mae       f_rmse        e_mae      e/N_mae
     36   100        0.011      0.00972      0.00133       0.0525       0.0846        0.625       0.0252
     36   200       0.0408       0.0331       0.0077        0.106        0.156         1.91        0.046
     36   300      0.00824      0.00402      0.00423       0.0358       0.0544        0.606        0.041
     36   400       0.0909       0.0902     0.000655        0.149        0.258        0.453       0.0166
     36   500       0.0314       0.0255      0.00589       0.0967        0.137          1.7       0.0444

validation
# Epoch batch         loss       loss_f       loss_e        f_mae       f_rmse        e_mae      e/N_mae
     36   100       0.0282       0.0268      0.00146       0.0883         0.14        0.501       0.0244


  Train      #    Epoch      wal       LR       loss_f       loss_e         loss        f_mae       f_rmse        e_mae      e/N_mae
! Train              36 4596.903    0.001       0.0348      0.00349       0.0383        0.093        0.171        0.938       0.0339
! Validation         36 4596.903    0.001       0.0335      0.00176       0.0353       0.0969        0.182        0.699       0.0237
Wall time: 4596.910877714996
! Best model       36    0.035
Saved trainer to results/MEA_Allegro_0/example/trainer.pth
Saved last model to to results/MEA_Allegro_0/example/last_model.pth

training
# Epoch batch         loss       loss_f       loss_e        f_mae       f_rmse        e_mae      e/N_mae
     37   100       0.0437       0.0427      0.00106        0.114        0.177         1.06       0.0238
     37   200       0.0561       0.0544       0.0017        0.115          0.2        0.785       0.0277
     37   300       0.0257       0.0191      0.00659       0.0735        0.119         1.05       0.0457
     37   400        0.105        0.103      0.00168        0.137        0.276        0.834       0.0273
     37   500      0.00619       0.0029      0.00329       0.0224       0.0462        0.609       0.0395

validation
# Epoch batch         loss       loss_f       loss_e        f_mae       f_rmse        e_mae      e/N_mae
     37   100       0.0279       0.0264      0.00151        0.087        0.139        0.497       0.0243


  Train      #    Epoch      wal       LR       loss_f       loss_e         loss        f_mae       f_rmse        e_mae      e/N_mae
! Train              37 4721.984    0.001       0.0327      0.00318       0.0359       0.0916        0.169        0.904       0.0326
! Validation         37 4721.984    0.001       0.0329      0.00171       0.0346       0.0959        0.181        0.674       0.0229
Wall time: 4721.991332815
! Best model       37    0.035
Saved trainer to results/MEA_Allegro_0/example/trainer.pth
Saved last model to to results/MEA_Allegro_0/example/last_model.pth

training
# Epoch batch         loss       loss_f       loss_e        f_mae       f_rmse        e_mae      e/N_mae
     38   100       0.0297       0.0187        0.011       0.0773        0.117         2.15       0.0585
     38   200       0.0703       0.0486       0.0217         0.12        0.189         2.25       0.0598
     38   300       0.0619       0.0579        0.004         0.12        0.207         1.25       0.0356
     38   400       0.0303       0.0292      0.00104       0.0979        0.147        0.999       0.0235
     38   500        0.135         0.13      0.00499        0.145        0.309         1.28       0.0336

validation
# Epoch batch         loss       loss_f       loss_e        f_mae       f_rmse        e_mae      e/N_mae
     38   100       0.0271       0.0258      0.00131       0.0868        0.138        0.585       0.0246


  Train      #    Epoch      wal       LR       loss_f       loss_e         loss        f_mae       f_rmse        e_mae      e/N_mae
! Train              38 4854.227    0.001       0.0337      0.00332       0.0371       0.0913        0.169        0.919       0.0334
! Validation         38 4854.227    0.001       0.0326      0.00161       0.0342       0.0952         0.18        0.646       0.0225
Wall time: 4854.232662149996
! Best model       38    0.034
Saved trainer to results/MEA_Allegro_0/example/trainer.pth
Saved last model to to results/MEA_Allegro_0/example/last_model.pth

training
# Epoch batch         loss       loss_f       loss_e        f_mae       f_rmse        e_mae      e/N_mae
     39   100      0.00529      0.00373      0.00156       0.0349       0.0525        0.674       0.0298
     39   200       0.0435       0.0385      0.00504        0.101        0.168         1.56       0.0442
     39   300      0.00908      0.00829     0.000783       0.0456       0.0782        0.301       0.0212
     39   400         0.14        0.139      0.00112        0.169         0.32        0.537       0.0238
     39   500       0.0128         0.01      0.00275       0.0578        0.086        0.784       0.0393

validation
# Epoch batch         loss       loss_f       loss_e        f_mae       f_rmse        e_mae      e/N_mae
     39   100        0.027       0.0256      0.00146       0.0867        0.137        0.526       0.0236


  Train      #    Epoch      wal       LR       loss_f       loss_e         loss        f_mae       f_rmse        e_mae      e/N_mae
! Train              39 4978.185    0.001        0.034      0.00335       0.0373       0.0917        0.169        0.919       0.0341
! Validation         39 4978.185    0.001       0.0321      0.00166       0.0337       0.0942        0.178        0.667       0.0228
Wall time: 4978.192103715992
! Best model       39    0.034
Saved trainer to results/MEA_Allegro_0/example/trainer.pth
Saved last model to to results/MEA_Allegro_0/example/last_model.pth

training
# Epoch batch         loss       loss_f       loss_e        f_mae       f_rmse        e_mae      e/N_mae
     40   100       0.0109      0.00996     0.000945       0.0582       0.0857        0.683       0.0202
     40   200       0.0268       0.0251      0.00164       0.0905        0.136        0.584       0.0273
     40   300       0.0549       0.0545     0.000331        0.108          0.2        0.289       0.0146
     40   400       0.0178       0.0165      0.00127       0.0724         0.11        0.855       0.0247
     40   500       0.0195       0.0165      0.00299       0.0747         0.11          1.2       0.0396

validation
# Epoch batch         loss       loss_f       loss_e        f_mae       f_rmse        e_mae      e/N_mae
     40   100       0.0269       0.0257      0.00126       0.0863        0.138         0.54       0.0238


  Train      #    Epoch      wal       LR       loss_f       loss_e         loss        f_mae       f_rmse        e_mae      e/N_mae
! Train              40 5106.762    0.001        0.033      0.00336       0.0363       0.0906        0.167        0.924       0.0344
! Validation         40 5106.762    0.001       0.0317       0.0016       0.0333       0.0935        0.177         0.63       0.0221
Wall time: 5106.770283608988
! Best model       40    0.033
Saved trainer to results/MEA_Allegro_0/example/trainer.pth
Saved last model to to results/MEA_Allegro_0/example/last_model.pth

training
# Epoch batch         loss       loss_f       loss_e        f_mae       f_rmse        e_mae      e/N_mae
     41   100       0.0166       0.0155      0.00115       0.0699        0.107         0.67        0.025
     41   200       0.0094      0.00847     0.000933       0.0473        0.079        0.434       0.0221
     41   300        0.017       0.0127      0.00426       0.0662       0.0968        0.496       0.0327
     41   400        0.049       0.0435      0.00544        0.121        0.179         1.79       0.0365
     41   500        0.128        0.121      0.00627        0.187        0.299         2.45       0.0473

validation
# Epoch batch         loss       loss_f       loss_e        f_mae       f_rmse        e_mae      e/N_mae
     41   100       0.0265       0.0252      0.00131       0.0859        0.136        0.538       0.0238


  Train      #    Epoch      wal       LR       loss_f       loss_e         loss        f_mae       f_rmse        e_mae      e/N_mae
! Train              41 5231.913    0.001       0.0321      0.00312       0.0352        0.089        0.165        0.879       0.0326
! Validation         41 5231.913    0.001       0.0313      0.00156       0.0328       0.0929        0.176        0.627       0.0219
Wall time: 5231.9192336699925
! Best model       41    0.033
Saved trainer to results/MEA_Allegro_0/example/trainer.pth
Saved last model to to results/MEA_Allegro_0/example/last_model.pth

training
# Epoch batch         loss       loss_f       loss_e        f_mae       f_rmse        e_mae      e/N_mae
     42   100       0.0446       0.0433      0.00125        0.108        0.179        0.843        0.024
     42   200       0.0178        0.016       0.0018       0.0732        0.109         1.36       0.0255
     42   300      0.00934      0.00692      0.00243       0.0447       0.0714        0.725       0.0322
     42   400       0.0145      0.00886      0.00563        0.045       0.0808        0.865       0.0437
     42   500       0.0153       0.0129      0.00248       0.0583       0.0973        0.907       0.0316

validation
# Epoch batch         loss       loss_f       loss_e        f_mae       f_rmse        e_mae      e/N_mae
     42   100       0.0255       0.0241      0.00136       0.0845        0.133        0.592       0.0248


  Train      #    Epoch      wal       LR       loss_f       loss_e         loss        f_mae       f_rmse        e_mae      e/N_mae
! Train              42 5362.175    0.001       0.0325       0.0031       0.0356       0.0886        0.165         0.88       0.0327
! Validation         42 5362.175    0.001       0.0309      0.00149       0.0324       0.0922        0.175        0.599       0.0216
Wall time: 5362.179483590997
! Best model       42    0.032
Saved trainer to results/MEA_Allegro_0/example/trainer.pth
Saved last model to to results/MEA_Allegro_0/example/last_model.pth

training
# Epoch batch         loss       loss_f       loss_e        f_mae       f_rmse        e_mae      e/N_mae
     43   100       0.0228       0.0197      0.00308       0.0736        0.121         1.04       0.0275
     43   200       0.0329         0.03      0.00284       0.0882        0.149        0.903       0.0329
     43   300      0.00499       0.0028      0.00219       0.0287       0.0454        0.367       0.0292
     43   400       0.0382       0.0349      0.00332        0.104         0.16         1.08       0.0412
     43   500       0.0811       0.0793       0.0018        0.131        0.242        0.847       0.0262

validation
# Epoch batch         loss       loss_f       loss_e        f_mae       f_rmse        e_mae      e/N_mae
     43   100       0.0263       0.0251       0.0012       0.0845        0.136        0.375       0.0207


  Train      #    Epoch      wal       LR       loss_f       loss_e         loss        f_mae       f_rmse        e_mae      e/N_mae
! Train              43 5526.274    0.001        0.031      0.00287       0.0339       0.0869        0.162        0.833       0.0316
! Validation         43 5526.274    0.001       0.0308      0.00143       0.0322       0.0918        0.175        0.589       0.0211
Wall time: 5526.281877856993
! Best model       43    0.032
Saved trainer to results/MEA_Allegro_0/example/trainer.pth
Saved last model to to results/MEA_Allegro_0/example/last_model.pth

training
# Epoch batch         loss       loss_f       loss_e        f_mae       f_rmse        e_mae      e/N_mae
     44   100       0.0159       0.0152     0.000658       0.0738        0.106        0.535       0.0163
     44   200       0.0373       0.0355      0.00178       0.0909        0.162        0.727       0.0297
     44   300       0.0875       0.0828      0.00479        0.124        0.247         1.12       0.0513
     44   400       0.0182       0.0111      0.00712       0.0522       0.0903         1.54       0.0532
     44   500      0.00791      0.00589      0.00202       0.0414       0.0659        0.685       0.0343

validation
# Epoch batch         loss       loss_f       loss_e        f_mae       f_rmse        e_mae      e/N_mae
     44   100        0.025       0.0238      0.00125       0.0838        0.132        0.386       0.0209


  Train      #    Epoch      wal       LR       loss_f       loss_e         loss        f_mae       f_rmse        e_mae      e/N_mae
! Train              44 5652.965    0.001       0.0326      0.00276       0.0353       0.0891        0.166        0.834       0.0313
! Validation         44 5652.965    0.001       0.0302      0.00147       0.0316       0.0909        0.173        0.621       0.0217
Wall time: 5652.9727712199965
! Best model       44    0.032
Saved trainer to results/MEA_Allegro_0/example/trainer.pth
Saved last model to to results/MEA_Allegro_0/example/last_model.pth

training
# Epoch batch         loss       loss_f       loss_e        f_mae       f_rmse        e_mae      e/N_mae
     45   100      0.00732      0.00329      0.00403       0.0308       0.0492        0.917       0.0469
     45   200      0.00127     0.000995     0.000278       0.0154       0.0271        0.187       0.0117
     45   300       0.0306       0.0299       0.0007       0.0794        0.149        0.417       0.0193
     45   400       0.0854       0.0843       0.0011        0.157        0.249          1.2        0.026
     45   500      0.00666       0.0047      0.00196       0.0394       0.0589        0.462       0.0272

validation
# Epoch batch         loss       loss_f       loss_e        f_mae       f_rmse        e_mae      e/N_mae
     45   100       0.0245       0.0233      0.00117       0.0827        0.131        0.544        0.023


  Train      #    Epoch      wal       LR       loss_f       loss_e         loss        f_mae       f_rmse        e_mae      e/N_mae
! Train              45 5781.114    0.001       0.0302      0.00263       0.0328       0.0864        0.161        0.808       0.0301
! Validation         45 5781.114    0.001       0.0299      0.00135       0.0312       0.0903        0.172        0.575       0.0206
Wall time: 5781.123827627991
! Best model       45    0.031
Saved trainer to results/MEA_Allegro_0/example/trainer.pth
Saved last model to to results/MEA_Allegro_0/example/last_model.pth

training
# Epoch batch         loss       loss_f       loss_e        f_mae       f_rmse        e_mae      e/N_mae
     46   100        0.119        0.118      0.00153        0.186        0.294         1.03       0.0263
     46   200       0.0163       0.0154     0.000965       0.0517        0.106        0.328       0.0194
     46   300       0.0259       0.0235      0.00233        0.077        0.132        0.586       0.0372
     46   400         0.02       0.0173      0.00272       0.0707        0.113         1.13       0.0329
     46   500       0.0164       0.0151      0.00131       0.0708        0.106        0.563       0.0265

validation
# Epoch batch         loss       loss_f       loss_e        f_mae       f_rmse        e_mae      e/N_mae
     46   100       0.0248       0.0237      0.00114       0.0828        0.132        0.485       0.0216


  Train      #    Epoch      wal       LR       loss_f       loss_e         loss        f_mae       f_rmse        e_mae      e/N_mae
! Train              46 5917.212    0.001       0.0304      0.00262        0.033       0.0855         0.16        0.797       0.0304
! Validation         46 5917.212    0.001       0.0295      0.00134       0.0309       0.0897        0.171        0.547       0.0201
Wall time: 5917.218283923998
! Best model       46    0.031
Saved trainer to results/MEA_Allegro_0/example/trainer.pth
Saved last model to to results/MEA_Allegro_0/example/last_model.pth

training
# Epoch batch         loss       loss_f       loss_e        f_mae       f_rmse        e_mae      e/N_mae
     47   100       0.0137        0.013     0.000609       0.0672        0.098        0.668       0.0167
     47   200      0.00365      0.00146      0.00219       0.0173       0.0328        0.467       0.0309
     47   300       0.0656       0.0603      0.00529        0.126        0.211        0.923       0.0469
     47   400      0.00928      0.00603      0.00325       0.0422       0.0667         1.02       0.0335
     47   500       0.0132       0.0121      0.00107       0.0609       0.0944        0.387       0.0216

validation
# Epoch batch         loss       loss_f       loss_e        f_mae       f_rmse        e_mae      e/N_mae
     47   100       0.0242       0.0231      0.00112       0.0827         0.13        0.489       0.0212


  Train      #    Epoch      wal       LR       loss_f       loss_e         loss        f_mae       f_rmse        e_mae      e/N_mae
! Train              47 6051.270    0.001       0.0303      0.00252       0.0329       0.0858         0.16        0.799       0.0299
! Validation         47 6051.270    0.001       0.0293      0.00125       0.0305       0.0891         0.17        0.544       0.0197
Wall time: 6051.276481779991
! Best model       47    0.031
Saved trainer to results/MEA_Allegro_0/example/trainer.pth
Saved last model to to results/MEA_Allegro_0/example/last_model.pth

training
# Epoch batch         loss       loss_f       loss_e        f_mae       f_rmse        e_mae      e/N_mae
     48   100       0.0599       0.0552      0.00476        0.105        0.202        0.552       0.0336
     48   200       0.0299       0.0245      0.00539       0.0872        0.134         2.27       0.0356
     48   300       0.0193       0.0184     0.000854       0.0748        0.117        0.465       0.0192
     48   400         0.09       0.0876      0.00243        0.138        0.254        0.483       0.0353
     48   500       0.0415       0.0404       0.0011        0.112        0.173        0.926       0.0233

validation
# Epoch batch         loss       loss_f       loss_e        f_mae       f_rmse        e_mae      e/N_mae
     48   100       0.0237       0.0226      0.00118       0.0819        0.129        0.431       0.0212


  Train      #    Epoch      wal       LR       loss_f       loss_e         loss        f_mae       f_rmse        e_mae      e/N_mae
! Train              48 6174.698    0.001       0.0306      0.00245       0.0331       0.0856         0.16        0.762       0.0286
! Validation         48 6174.698    0.001       0.0291      0.00126       0.0304       0.0886         0.17        0.539       0.0195
Wall time: 6174.703945887988
! Best model       48    0.030
Saved trainer to results/MEA_Allegro_0/example/trainer.pth
Saved last model to to results/MEA_Allegro_0/example/last_model.pth

training
# Epoch batch         loss       loss_f       loss_e        f_mae       f_rmse        e_mae      e/N_mae
     49   100      0.00748      0.00537      0.00211       0.0349       0.0629        0.569       0.0332
     49   200        0.108        0.108     0.000557        0.171        0.282        0.737       0.0166
     49   300      0.00395      0.00248      0.00148       0.0211       0.0427        0.468       0.0292
     49   400        0.095       0.0923      0.00262        0.171        0.261         1.03       0.0322
     49   500       0.0743       0.0719      0.00244         0.13         0.23        0.877       0.0279

validation
# Epoch batch         loss       loss_f       loss_e        f_mae       f_rmse        e_mae      e/N_mae
     49   100       0.0235       0.0225      0.00102       0.0816        0.129        0.486        0.021


  Train      #    Epoch      wal       LR       loss_f       loss_e         loss        f_mae       f_rmse        e_mae      e/N_mae
! Train              49 6306.773    0.001       0.0295      0.00249        0.032       0.0842        0.158        0.778       0.0302
! Validation         49 6306.773    0.001       0.0288      0.00117         0.03       0.0881        0.169         0.51       0.0193
Wall time: 6306.778475526997
! Best model       49    0.030
Saved trainer to results/MEA_Allegro_0/example/trainer.pth
Saved last model to to results/MEA_Allegro_0/example/last_model.pth

training
# Epoch batch         loss       loss_f       loss_e        f_mae       f_rmse        e_mae      e/N_mae
     50   100       0.0179       0.0136      0.00432       0.0666          0.1         1.42       0.0403
     50   200       0.0189       0.0159      0.00298       0.0733        0.108        0.989       0.0397
     50   300       0.0885       0.0881     0.000456        0.151        0.255        0.314       0.0144
     50   400       0.0724       0.0719     0.000454        0.133         0.23        0.434       0.0167
     50   500        0.023       0.0165      0.00657       0.0638         0.11         1.74       0.0624

validation
# Epoch batch         loss       loss_f       loss_e        f_mae       f_rmse        e_mae      e/N_mae
     50   100       0.0237       0.0226      0.00111       0.0815        0.129        0.474       0.0215


  Train      #    Epoch      wal       LR       loss_f       loss_e         loss        f_mae       f_rmse        e_mae      e/N_mae
! Train              50 6443.963    0.001       0.0289      0.00237       0.0313        0.084        0.158         0.75       0.0287
! Validation         50 6443.963    0.001       0.0285      0.00119       0.0297       0.0875        0.168        0.514       0.0192
Wall time: 6443.970500230993
! Best model       50    0.030
Saved trainer to results/MEA_Allegro_0/example/trainer.pth
Saved last model to to results/MEA_Allegro_0/example/last_model.pth

training
# Epoch batch         loss       loss_f       loss_e        f_mae       f_rmse        e_mae      e/N_mae
     51   100       0.0252       0.0234      0.00179       0.0804        0.131        0.842       0.0246
     51   200       0.0627       0.0589      0.00377        0.119        0.208         1.14       0.0465
     51   300      0.00912      0.00757      0.00154       0.0434       0.0747        0.751       0.0279
     51   400      0.00809      0.00719       0.0009       0.0475       0.0728        0.696       0.0192
     51   500       0.0896       0.0881      0.00151        0.159        0.255         1.04       0.0255

validation
# Epoch batch         loss       loss_f       loss_e        f_mae       f_rmse        e_mae      e/N_mae
     51   100       0.0232       0.0222      0.00106        0.081        0.128        0.449       0.0209


  Train      #    Epoch      wal       LR       loss_f       loss_e         loss        f_mae       f_rmse        e_mae      e/N_mae
! Train              51 6569.479    0.001       0.0296      0.00236        0.032       0.0837        0.157        0.749       0.0289
! Validation         51 6569.479    0.001       0.0282      0.00118       0.0293       0.0868        0.167        0.492       0.0189
Wall time: 6569.482872660999
! Best model       51    0.029
Saved trainer to results/MEA_Allegro_0/example/trainer.pth
Saved last model to to results/MEA_Allegro_0/example/last_model.pth

training
# Epoch batch         loss       loss_f       loss_e        f_mae       f_rmse        e_mae      e/N_mae
     52   100       0.0282       0.0241      0.00413       0.0834        0.133         1.28       0.0316
     52   200       0.0575       0.0561      0.00142        0.109        0.203        0.914       0.0255
     52   300       0.0149        0.011      0.00397       0.0328       0.0899        0.597       0.0319
     52   400      0.00654      0.00536      0.00117       0.0433       0.0629        0.773       0.0236
     52   500       0.0639       0.0598      0.00401        0.109         0.21         1.16       0.0429

validation
# Epoch batch         loss       loss_f       loss_e        f_mae       f_rmse        e_mae      e/N_mae
     52   100        0.023        0.022        0.001       0.0801        0.127        0.481       0.0207


  Train      #    Epoch      wal       LR       loss_f       loss_e         loss        f_mae       f_rmse        e_mae      e/N_mae
! Train              52 6694.572    0.001       0.0286      0.00229       0.0309       0.0826        0.155        0.745       0.0287
! Validation         52 6694.572    0.001       0.0279      0.00115       0.0291       0.0861        0.166         0.49       0.0187
Wall time: 6694.5801389209955
! Best model       52    0.029
Saved trainer to results/MEA_Allegro_0/example/trainer.pth
Saved last model to to results/MEA_Allegro_0/example/last_model.pth

training
# Epoch batch         loss       loss_f       loss_e        f_mae       f_rmse        e_mae      e/N_mae
     53   100      0.00924       0.0073      0.00194       0.0461       0.0734        0.374       0.0289
     53   200       0.0148       0.0124      0.00242        0.054       0.0955        0.877       0.0349
     53   300       0.0122       0.0117     0.000525       0.0613       0.0927        0.617       0.0175
     53   400       0.0119       0.0107      0.00116       0.0567        0.089        0.508       0.0237
     53   500      0.00633       0.0028      0.00353       0.0259       0.0454        0.382        0.033

validation
# Epoch batch         loss       loss_f       loss_e        f_mae       f_rmse        e_mae      e/N_mae
     53   100       0.0227       0.0217      0.00102       0.0802        0.126        0.462       0.0206


  Train      #    Epoch      wal       LR       loss_f       loss_e         loss        f_mae       f_rmse        e_mae      e/N_mae
! Train              53 6818.343    0.001       0.0281      0.00215       0.0303       0.0815        0.154        0.729       0.0279
! Validation         53 6818.343    0.001       0.0277      0.00113       0.0288       0.0858        0.165        0.482       0.0189
Wall time: 6818.35189047399
! Best model       53    0.029
Saved trainer to results/MEA_Allegro_0/example/trainer.pth
Saved last model to to results/MEA_Allegro_0/example/last_model.pth

training
# Epoch batch         loss       loss_f       loss_e        f_mae       f_rmse        e_mae      e/N_mae
     54   100       0.0763       0.0749      0.00137        0.119        0.235        0.803        0.028
     54   200       0.0304        0.027       0.0034       0.0915        0.141        0.728       0.0352
     54   300       0.0525       0.0506      0.00194        0.109        0.193         1.17       0.0295
     54   400       0.0069      0.00642      0.00048       0.0446       0.0688        0.396       0.0154
     54   500        0.108        0.107      0.00137        0.169        0.281          0.6       0.0247

validation
# Epoch batch         loss       loss_f       loss_e        f_mae       f_rmse        e_mae      e/N_mae
     54   100       0.0229       0.0218      0.00103       0.0811        0.127        0.375       0.0191


  Train      #    Epoch      wal       LR       loss_f       loss_e         loss        f_mae       f_rmse        e_mae      e/N_mae
! Train              54 6942.329    0.001       0.0268      0.00204       0.0289       0.0814        0.154        0.705       0.0271
! Validation         54 6942.329    0.001       0.0275      0.00108       0.0285       0.0855        0.165        0.488       0.0184
Wall time: 6942.341131381996
! Best model       54    0.029
Saved trainer to results/MEA_Allegro_0/example/trainer.pth
Saved last model to to results/MEA_Allegro_0/example/last_model.pth

training
# Epoch batch         loss       loss_f       loss_e        f_mae       f_rmse        e_mae      e/N_mae
     55   100      0.00312      0.00204      0.00108       0.0258       0.0388        0.507       0.0221
     55   200       0.0117      0.00999      0.00175        0.052       0.0858        0.602       0.0326
     55   300      0.00399      0.00292      0.00107       0.0266       0.0464        0.299        0.022
     55   400      0.00481       0.0038      0.00101       0.0341       0.0529        0.301       0.0219
     55   500       0.0149       0.0116      0.00335       0.0676       0.0923          1.3        0.031

validation
# Epoch batch         loss       loss_f       loss_e        f_mae       f_rmse        e_mae      e/N_mae
     55   100       0.0224       0.0213      0.00105       0.0797        0.125        0.446       0.0206


  Train      #    Epoch      wal       LR       loss_f       loss_e         loss        f_mae       f_rmse        e_mae      e/N_mae
! Train              55 7069.770    0.001       0.0284      0.00233       0.0308       0.0819        0.155        0.749       0.0293
! Validation         55 7069.770    0.001       0.0272      0.00104       0.0282       0.0848        0.164        0.471        0.018
Wall time: 7069.780049214998
! Best model       55    0.028
Saved trainer to results/MEA_Allegro_0/example/trainer.pth
Saved last model to to results/MEA_Allegro_0/example/last_model.pth

training
# Epoch batch         loss       loss_f       loss_e        f_mae       f_rmse        e_mae      e/N_mae
     56   100      0.00944      0.00688      0.00256       0.0479       0.0712         0.95       0.0358
     56   200      0.00538       0.0047     0.000672       0.0359       0.0589        0.299       0.0167
     56   300      0.00774      0.00599      0.00175       0.0449       0.0664        0.361       0.0246
     56   400       0.0125      0.00886      0.00365       0.0497       0.0808         1.13       0.0438
     56   500        0.024       0.0235      0.00043       0.0675        0.132        0.246       0.0146

validation
# Epoch batch         loss       loss_f       loss_e        f_mae       f_rmse        e_mae      e/N_mae
     56   100       0.0218        0.021     0.000781       0.0779        0.124        0.439       0.0178


  Train      #    Epoch      wal       LR       loss_f       loss_e         loss        f_mae       f_rmse        e_mae      e/N_mae
! Train              56 7196.742    0.001       0.0271      0.00213       0.0292       0.0806        0.153        0.728       0.0279
! Validation         56 7196.742    0.001       0.0269      0.00105       0.0279       0.0843        0.163        0.449       0.0179
Wall time: 7196.7492301879975
! Best model       56    0.028
Saved trainer to results/MEA_Allegro_0/example/trainer.pth
Saved last model to to results/MEA_Allegro_0/example/last_model.pth

training
# Epoch batch         loss       loss_f       loss_e        f_mae       f_rmse        e_mae      e/N_mae
     57   100      0.00203      0.00143       0.0006        0.017       0.0325         0.28       0.0175
     57   200       0.0605       0.0576      0.00298        0.119        0.206         1.33       0.0365
     57   300      0.00869      0.00845     0.000232       0.0482       0.0789        0.212       0.0112
     57   400       0.0345        0.034     0.000557       0.0923        0.158        0.425       0.0182
     57   500        0.107        0.103        0.004        0.155        0.276         1.39       0.0391

validation
# Epoch batch         loss       loss_f       loss_e        f_mae       f_rmse        e_mae      e/N_mae
     57   100       0.0223       0.0215     0.000872       0.0796        0.126        0.418       0.0188


  Train      #    Epoch      wal       LR       loss_f       loss_e         loss        f_mae       f_rmse        e_mae      e/N_mae
! Train              57 7326.846    0.001        0.028      0.00211       0.0301       0.0804        0.153        0.715       0.0279
! Validation         57 7326.846    0.001       0.0267      0.00102       0.0277        0.084        0.162        0.473       0.0182
Wall time: 7326.854202711998
! Best model       57    0.028
Saved trainer to results/MEA_Allegro_0/example/trainer.pth
Saved last model to to results/MEA_Allegro_0/example/last_model.pth

training
# Epoch batch         loss       loss_f       loss_e        f_mae       f_rmse        e_mae      e/N_mae
     58   100       0.0264       0.0235       0.0029       0.0954        0.132         1.37       0.0319
     58   200       0.0132       0.0121      0.00108       0.0634       0.0946        0.266       0.0221
     58   300      0.00355      0.00252      0.00103       0.0205       0.0431        0.365       0.0228
     58   400       0.0725       0.0679      0.00464        0.119        0.224        0.841       0.0488
     58   500       0.0102       0.0082      0.00201       0.0489       0.0777         1.05       0.0277

validation
# Epoch batch         loss       loss_f       loss_e        f_mae       f_rmse        e_mae      e/N_mae
     58   100       0.0213       0.0204     0.000847       0.0775        0.123         0.37       0.0178


  Train      #    Epoch      wal       LR       loss_f       loss_e         loss        f_mae       f_rmse        e_mae      e/N_mae
! Train              58 7454.525    0.001       0.0282      0.00212       0.0303       0.0802        0.152        0.715       0.0279
! Validation         58 7454.525    0.001       0.0265     0.000981       0.0275       0.0836        0.162        0.458       0.0177
Wall time: 7454.533258609998
! Best model       58    0.027
Saved trainer to results/MEA_Allegro_0/example/trainer.pth
Saved last model to to results/MEA_Allegro_0/example/last_model.pth

training
# Epoch batch         loss       loss_f       loss_e        f_mae       f_rmse        e_mae      e/N_mae
     59   100      0.00899       0.0072      0.00178       0.0405       0.0728        0.761       0.0242
     59   200       0.0104       0.0102     0.000199       0.0509       0.0869        0.308      0.00973
     59   300      0.00628      0.00565     0.000621       0.0429       0.0645        0.516       0.0157
     59   400        0.036       0.0275      0.00842       0.0812        0.142         1.46       0.0437
     59   500      0.00247      0.00198     0.000494        0.021       0.0382        0.274       0.0171

validation
# Epoch batch         loss       loss_f       loss_e        f_mae       f_rmse        e_mae      e/N_mae
     59   100       0.0209       0.0201     0.000781        0.076        0.122         0.39       0.0167


  Train      #    Epoch      wal       LR       loss_f       loss_e         loss        f_mae       f_rmse        e_mae      e/N_mae
! Train              59 7595.903    0.001       0.0265      0.00177       0.0283       0.0787         0.15        0.647       0.0247
! Validation         59 7595.903    0.001       0.0263     0.000913       0.0272       0.0833        0.161        0.446       0.0171
Wall time: 7595.913529212994
! Best model       59    0.027
Saved trainer to results/MEA_Allegro_0/example/trainer.pth
Saved last model to to results/MEA_Allegro_0/example/last_model.pth

training
# Epoch batch         loss       loss_f       loss_e        f_mae       f_rmse        e_mae      e/N_mae
     60   100       0.0029      0.00249     0.000409       0.0292       0.0428         0.25       0.0144
     60   200       0.0516         0.05      0.00165         0.11        0.192         1.17       0.0293
     60   300       0.0259       0.0243      0.00156       0.0804        0.134        0.739       0.0281
     60   400       0.0376       0.0353      0.00231       0.0745        0.161        0.644       0.0337
     60   500       0.0113      0.00801      0.00325       0.0336       0.0768        0.659       0.0423

validation
# Epoch batch         loss       loss_f       loss_e        f_mae       f_rmse        e_mae      e/N_mae
     60   100        0.021       0.0201     0.000917       0.0762        0.122        0.493       0.0195


  Train      #    Epoch      wal       LR       loss_f       loss_e         loss        f_mae       f_rmse        e_mae      e/N_mae
! Train              60 7742.842    0.001       0.0271      0.00184        0.029       0.0796        0.151        0.655       0.0258
! Validation         60 7742.842    0.001       0.0261     0.000916        0.027       0.0828         0.16        0.427       0.0168
Wall time: 7742.850116501999
! Best model       60    0.027
Saved trainer to results/MEA_Allegro_0/example/trainer.pth
Saved last model to to results/MEA_Allegro_0/example/last_model.pth

training
# Epoch batch         loss       loss_f       loss_e        f_mae       f_rmse        e_mae      e/N_mae
     61   100      0.00692      0.00662     0.000301        0.042       0.0698        0.211       0.0135
     61   200       0.0195       0.0166      0.00291       0.0793         0.11         1.67       0.0382
     61   300       0.0372       0.0361      0.00105       0.0963        0.163        0.379       0.0237
     61   400        0.028       0.0251      0.00292       0.0891        0.136         1.32       0.0337
     61   500        0.071       0.0692      0.00179        0.148        0.226         1.16       0.0289

validation
# Epoch batch         loss       loss_f       loss_e        f_mae       f_rmse        e_mae      e/N_mae
     61   100       0.0207       0.0198     0.000856       0.0763        0.121        0.427       0.0183


  Train      #    Epoch      wal       LR       loss_f       loss_e         loss        f_mae       f_rmse        e_mae      e/N_mae
! Train              61 7879.870    0.001       0.0285      0.00213       0.0306       0.0807        0.152        0.736       0.0283
! Validation         61 7879.870    0.001       0.0261      0.00094        0.027       0.0826         0.16        0.446       0.0173
Wall time: 7879.87555117
! Best model       61    0.027
Saved trainer to results/MEA_Allegro_0/example/trainer.pth
Saved last model to to results/MEA_Allegro_0/example/last_model.pth

training
# Epoch batch         loss       loss_f       loss_e        f_mae       f_rmse        e_mae      e/N_mae
     62   100      0.00677      0.00536      0.00141       0.0389       0.0628        0.816       0.0304
     62   200       0.0287       0.0273      0.00144        0.073        0.142        0.684        0.028
     62   300      0.00878      0.00828       0.0005       0.0419       0.0781        0.273       0.0149
     62   400       0.0629       0.0622     0.000731        0.133        0.214        0.426       0.0184
     62   500      0.00846      0.00611      0.00236       0.0412       0.0671         0.87       0.0252

validation
# Epoch batch         loss       loss_f       loss_e        f_mae       f_rmse        e_mae      e/N_mae
     62   100       0.0204       0.0196     0.000794       0.0751         0.12        0.386       0.0169


  Train      #    Epoch      wal       LR       loss_f       loss_e         loss        f_mae       f_rmse        e_mae      e/N_mae
! Train              62 8034.275    0.001       0.0254      0.00176       0.0271       0.0779        0.149        0.641       0.0249
! Validation         62 8034.275    0.001       0.0257     0.000901       0.0266       0.0818        0.159        0.419       0.0166
Wall time: 8034.283868706989
! Best model       62    0.027
Saved trainer to results/MEA_Allegro_0/example/trainer.pth
Saved last model to to results/MEA_Allegro_0/example/last_model.pth

training
# Epoch batch         loss       loss_f       loss_e        f_mae       f_rmse        e_mae      e/N_mae
     63   100       0.0946       0.0935      0.00111         0.17        0.262         1.02       0.0228
     63   200      0.00275      0.00214      0.00061       0.0181       0.0397        0.291       0.0182
     63   300       0.0128       0.0104       0.0024       0.0604       0.0877        0.887       0.0293
     63   400       0.0169       0.0149      0.00199        0.065        0.105        0.345       0.0215
     63   500       0.0355        0.032      0.00356       0.0985        0.153         1.53       0.0379

validation
# Epoch batch         loss       loss_f       loss_e        f_mae       f_rmse        e_mae      e/N_mae
     63   100       0.0201       0.0193     0.000793       0.0746        0.119        0.381       0.0169


  Train      #    Epoch      wal       LR       loss_f       loss_e         loss        f_mae       f_rmse        e_mae      e/N_mae
! Train              63 8644.121    0.001       0.0255       0.0017       0.0272       0.0772        0.147        0.632       0.0245
! Validation         63 8644.121    0.001       0.0255     0.000864       0.0264       0.0814        0.159        0.408       0.0162
Wall time: 8644.130432336999
! Best model       63    0.026
Saved trainer to results/MEA_Allegro_0/example/trainer.pth
Saved last model to to results/MEA_Allegro_0/example/last_model.pth

training
# Epoch batch         loss       loss_f       loss_e        f_mae       f_rmse        e_mae      e/N_mae
     64   100      0.00534      0.00203      0.00331       0.0221       0.0387        0.381       0.0372
     64   200       0.0528       0.0519     0.000858       0.0998        0.196        0.621       0.0216
     64   300       0.0062      0.00515      0.00105       0.0437       0.0616        0.489       0.0244
     64   400       0.0791       0.0774      0.00173         0.14        0.239         1.06       0.0243
     64   500       0.0176       0.0152      0.00237       0.0717        0.106         1.09       0.0305

validation
# Epoch batch         loss       loss_f       loss_e        f_mae       f_rmse        e_mae      e/N_mae
     64   100       0.0204       0.0197     0.000748       0.0751         0.12        0.306       0.0152


  Train      #    Epoch      wal       LR       loss_f       loss_e         loss        f_mae       f_rmse        e_mae      e/N_mae
! Train              64 9955.196    0.001       0.0255      0.00167       0.0271       0.0771        0.147        0.629       0.0246
! Validation         64 9955.196    0.001       0.0253     0.000851       0.0262       0.0812        0.158        0.416       0.0161
Wall time: 9955.202248223999
! Best model       64    0.026
Saved trainer to results/MEA_Allegro_0/example/trainer.pth
Saved last model to to results/MEA_Allegro_0/example/last_model.pth

training
# Epoch batch         loss       loss_f       loss_e        f_mae       f_rmse        e_mae      e/N_mae
     65   100        0.013       0.0124     0.000636       0.0639       0.0955         0.31       0.0158
     65   200       0.0109      0.00514      0.00573       0.0366       0.0615         1.28       0.0579
     65   300      0.00549      0.00433      0.00116       0.0351       0.0565        0.475       0.0212
     65   400      0.00897      0.00637      0.00259       0.0421       0.0685        0.528       0.0335
     65   500      0.00913      0.00748      0.00164       0.0371       0.0743        0.467       0.0261

validation
# Epoch batch         loss       loss_f       loss_e        f_mae       f_rmse        e_mae      e/N_mae
     65   100       0.0192       0.0185     0.000665       0.0732        0.117        0.321       0.0147


  Train      #    Epoch      wal       LR       loss_f       loss_e         loss        f_mae       f_rmse        e_mae      e/N_mae
! Train              65 10184.566    0.001       0.0264      0.00177       0.0282       0.0776        0.148        0.659       0.0255
! Validation         65 10184.566    0.001       0.0252     0.000814        0.026       0.0807        0.157        0.414       0.0161
Wall time: 10184.570985486993
! Best model       65    0.026
Saved trainer to results/MEA_Allegro_0/example/trainer.pth
Saved last model to to results/MEA_Allegro_0/example/last_model.pth

training
# Epoch batch         loss       loss_f       loss_e        f_mae       f_rmse        e_mae      e/N_mae
     66   100       0.0709       0.0697      0.00122        0.128        0.227        0.723       0.0235
     66   200        0.112        0.111      0.00135        0.197        0.286         0.85       0.0226
     66   300       0.0238       0.0137       0.0101       0.0306          0.1         0.52       0.0425
     66   400      0.00301      0.00253     0.000483       0.0273       0.0432        0.369       0.0162
     66   500       0.0176       0.0168     0.000753        0.073        0.111        0.633       0.0207

validation
# Epoch batch         loss       loss_f       loss_e        f_mae       f_rmse        e_mae      e/N_mae
     66   100       0.0204       0.0196     0.000776       0.0746         0.12        0.318       0.0153


  Train      #    Epoch      wal       LR       loss_f       loss_e         loss        f_mae       f_rmse        e_mae      e/N_mae
! Train              66 10312.295    0.001       0.0261      0.00187        0.028       0.0769        0.147        0.664       0.0257
! Validation         66 10312.295    0.001        0.025     0.000863       0.0259       0.0806        0.157        0.407       0.0161
Wall time: 10312.301595212994
! Best model       66    0.026
Saved trainer to results/MEA_Allegro_0/example/trainer.pth
Saved last model to to results/MEA_Allegro_0/example/last_model.pth

training
# Epoch batch         loss       loss_f       loss_e        f_mae       f_rmse        e_mae      e/N_mae
     67   100       0.0299       0.0291     0.000788       0.0956        0.146         0.88       0.0184
     67   200       0.0518       0.0506      0.00121       0.0918        0.193          0.5        0.028
     67   300       0.0963       0.0958     0.000475        0.135        0.266        0.222       0.0144
     67   400      0.00853      0.00833       0.0002       0.0543       0.0783        0.233       0.0103
     67   500      0.00373      0.00345     0.000283       0.0306       0.0504        0.169       0.0105

validation
# Epoch batch         loss       loss_f       loss_e        f_mae       f_rmse        e_mae      e/N_mae
     67   100       0.0195       0.0189     0.000689       0.0731        0.118        0.382       0.0155


  Train      #    Epoch      wal       LR       loss_f       loss_e         loss        f_mae       f_rmse        e_mae      e/N_mae
! Train              67 10436.732    0.001       0.0257      0.00175       0.0274       0.0761        0.146        0.646        0.025
! Validation         67 10436.732    0.001       0.0247     0.000835       0.0256       0.0799        0.156        0.398       0.0159
Wall time: 10436.737364032
! Best model       67    0.026
Saved trainer to results/MEA_Allegro_0/example/trainer.pth
Saved last model to to results/MEA_Allegro_0/example/last_model.pth

training
# Epoch batch         loss       loss_f       loss_e        f_mae       f_rmse        e_mae      e/N_mae
     68   100      0.00221      0.00187     0.000339       0.0231       0.0371        0.239       0.0133
     68   200       0.0819        0.078      0.00394        0.112         0.24         1.26       0.0376
     68   300       0.0549       0.0538      0.00119        0.103        0.199        0.637       0.0181
     68   400       0.0454       0.0443      0.00107        0.104        0.181        0.686       0.0218
     68   500      0.00118     0.000856     0.000326       0.0146       0.0251        0.194       0.0131

validation
# Epoch batch         loss       loss_f       loss_e        f_mae       f_rmse        e_mae      e/N_mae
     68   100       0.0192       0.0186     0.000638       0.0737        0.117        0.332       0.0141


  Train      #    Epoch      wal       LR       loss_f       loss_e         loss        f_mae       f_rmse        e_mae      e/N_mae
! Train              68 10568.779    0.001       0.0249      0.00158       0.0265       0.0759        0.146        0.608       0.0234
! Validation         68 10568.779    0.001       0.0245     0.000761       0.0253       0.0794        0.155        0.398       0.0154
Wall time: 10568.787408476986
! Best model       68    0.025
Saved trainer to results/MEA_Allegro_0/example/trainer.pth
Saved last model to to results/MEA_Allegro_0/example/last_model.pth

training
# Epoch batch         loss       loss_f       loss_e        f_mae       f_rmse        e_mae      e/N_mae
     69   100        0.011       0.0107     0.000284        0.046       0.0887        0.188        0.011
     69   200       0.0111      0.00878      0.00228       0.0523       0.0805        0.876       0.0275
     69   300       0.0336       0.0319      0.00171       0.0846        0.153         0.44       0.0266
     69   400       0.0351       0.0344      0.00073       0.0816        0.159        0.458       0.0191
     69   500      0.00877      0.00647       0.0023       0.0475        0.069        0.797       0.0371

validation
# Epoch batch         loss       loss_f       loss_e        f_mae       f_rmse        e_mae      e/N_mae
     69   100       0.0192       0.0185     0.000732       0.0721        0.117        0.391        0.016


  Train      #    Epoch      wal       LR       loss_f       loss_e         loss        f_mae       f_rmse        e_mae      e/N_mae
! Train              69 10696.137    0.001       0.0253      0.00167        0.027       0.0757        0.145        0.636       0.0245
! Validation         69 10696.137    0.001       0.0243     0.000785       0.0251       0.0791        0.155        0.391       0.0155
Wall time: 10696.143001777993
! Best model       69    0.025
Saved trainer to results/MEA_Allegro_0/example/trainer.pth
Saved last model to to results/MEA_Allegro_0/example/last_model.pth

training
# Epoch batch         loss       loss_f       loss_e        f_mae       f_rmse        e_mae      e/N_mae
     70   100        0.037       0.0365     0.000493        0.087        0.164        0.447       0.0154
     70   200       0.0187        0.015       0.0037       0.0512        0.105        0.618       0.0367
     70   300       0.0402       0.0388      0.00133       0.0884        0.169        0.441       0.0243
     70   400      0.00226      0.00123      0.00103       0.0155       0.0301        0.293       0.0227
     70   500       0.0464       0.0458     0.000597         0.11        0.184        0.352       0.0172

validation
# Epoch batch         loss       loss_f       loss_e        f_mae       f_rmse        e_mae      e/N_mae
     70   100        0.019       0.0183     0.000716       0.0726        0.116        0.396       0.0154


  Train      #    Epoch      wal       LR       loss_f       loss_e         loss        f_mae       f_rmse        e_mae      e/N_mae
! Train              70 10822.878    0.001       0.0253      0.00171        0.027       0.0764        0.147        0.644        0.025
! Validation         70 10822.878    0.001       0.0242     0.000812        0.025       0.0788        0.154        0.402       0.0157
Wall time: 10822.886336013995
! Best model       70    0.025
Saved trainer to results/MEA_Allegro_0/example/trainer.pth
Saved last model to to results/MEA_Allegro_0/example/last_model.pth

training
# Epoch batch         loss       loss_f       loss_e        f_mae       f_rmse        e_mae      e/N_mae
     71   100      0.00258     0.000731      0.00184       0.0144       0.0232        0.508       0.0348
     71   200       0.0127      0.00975      0.00297       0.0579       0.0848         1.12       0.0364
     71   300      0.00248      0.00101      0.00147       0.0149       0.0272         0.41       0.0256
     71   400       0.0144       0.0121      0.00228       0.0624       0.0944        0.368       0.0351
     71   500       0.0632       0.0624     0.000728        0.137        0.214        0.367       0.0179

validation
# Epoch batch         loss       loss_f       loss_e        f_mae       f_rmse        e_mae      e/N_mae
     71   100       0.0188       0.0181     0.000634       0.0723        0.116        0.284       0.0137


  Train      #    Epoch      wal       LR       loss_f       loss_e         loss        f_mae       f_rmse        e_mae      e/N_mae
! Train              71 10950.527    0.001       0.0256      0.00198       0.0276       0.0752        0.145        0.692       0.0267
! Validation         71 10950.527    0.001       0.0241     0.000771       0.0248       0.0786        0.154        0.397       0.0153
Wall time: 10950.53485113899
! Best model       71    0.025
Saved trainer to results/MEA_Allegro_0/example/trainer.pth
Saved last model to to results/MEA_Allegro_0/example/last_model.pth

training
# Epoch batch         loss       loss_f       loss_e        f_mae       f_rmse        e_mae      e/N_mae
     72   100       0.0112      0.00827      0.00294       0.0543       0.0781         1.29       0.0345
     72   200        0.072       0.0711     0.000818        0.133        0.229        0.529       0.0199
     72   300      0.00531      0.00287      0.00243       0.0288        0.046        0.718       0.0348
     72   400       0.0166       0.0146      0.00199        0.075        0.104         0.93       0.0291
     72   500       0.0207       0.0195      0.00119       0.0761         0.12        0.779       0.0249

validation
# Epoch batch         loss       loss_f       loss_e        f_mae       f_rmse        e_mae      e/N_mae
     72   100       0.0186       0.0179     0.000687       0.0716        0.115        0.295       0.0141


  Train      #    Epoch      wal       LR       loss_f       loss_e         loss        f_mae       f_rmse        e_mae      e/N_mae
! Train              72 11079.002    0.001       0.0244      0.00145       0.0258       0.0743        0.143        0.581       0.0224
! Validation         72 11079.002    0.001       0.0239     0.000775       0.0247       0.0784        0.153        0.383       0.0152
Wall time: 11079.01129963799
! Best model       72    0.025
Saved trainer to results/MEA_Allegro_0/example/trainer.pth
Saved last model to to results/MEA_Allegro_0/example/last_model.pth

training
# Epoch batch         loss       loss_f       loss_e        f_mae       f_rmse        e_mae      e/N_mae
     73   100      0.00249      0.00132      0.00117       0.0199       0.0312        0.404       0.0252
     73   200       0.0706       0.0686      0.00199        0.122        0.225         0.95       0.0327
     73   300       0.0123        0.011      0.00131       0.0488         0.09        0.502       0.0257
     73   400       0.0097      0.00928     0.000419       0.0576       0.0827        0.483       0.0149
     73   500      0.00116     0.000697     0.000464       0.0124       0.0227        0.197       0.0169

validation
# Epoch batch         loss       loss_f       loss_e        f_mae       f_rmse        e_mae      e/N_mae
     73   100       0.0186       0.0179     0.000663        0.072        0.115        0.415       0.0146


  Train      #    Epoch      wal       LR       loss_f       loss_e         loss        f_mae       f_rmse        e_mae      e/N_mae
! Train              73 11210.530    0.001       0.0238      0.00159       0.0254        0.074        0.143        0.628       0.0237
! Validation         73 11210.530    0.001       0.0238     0.000756       0.0245        0.078        0.153        0.395       0.0154
Wall time: 11210.537873181995
! Best model       73    0.025
Saved trainer to results/MEA_Allegro_0/example/trainer.pth
Saved last model to to results/MEA_Allegro_0/example/last_model.pth

training
# Epoch batch         loss       loss_f       loss_e        f_mae       f_rmse        e_mae      e/N_mae
     74   100       0.0138       0.0106      0.00321        0.045       0.0884        0.889       0.0269
     74   200      0.00876      0.00543      0.00334       0.0358       0.0632         1.01       0.0283
     74   300       0.0137       0.0094      0.00426       0.0483       0.0832         1.11       0.0317
     74   400      0.00799      0.00754     0.000445       0.0457       0.0745        0.454       0.0155
     74   500      0.00666      0.00649     0.000173       0.0461       0.0691        0.137      0.00825

validation
# Epoch batch         loss       loss_f       loss_e        f_mae       f_rmse        e_mae      e/N_mae
     74   100       0.0185       0.0179     0.000614       0.0707        0.115        0.338       0.0138


  Train      #    Epoch      wal       LR       loss_f       loss_e         loss        f_mae       f_rmse        e_mae      e/N_mae
! Train              74 11333.952    0.001       0.0248      0.00166       0.0264       0.0746        0.144        0.642       0.0248
! Validation         74 11333.952    0.001       0.0236      0.00074       0.0244       0.0776        0.152        0.377       0.0147
Wall time: 11333.962525734998
! Best model       74    0.024
Saved trainer to results/MEA_Allegro_0/example/trainer.pth
Saved last model to to results/MEA_Allegro_0/example/last_model.pth

training
# Epoch batch         loss       loss_f       loss_e        f_mae       f_rmse        e_mae      e/N_mae
     75   100       0.0127       0.0115      0.00129       0.0543       0.0919        0.527       0.0264
     75   200       0.0184       0.0129      0.00549       0.0647       0.0977        0.557       0.0335
     75   300      0.00277      0.00219     0.000584       0.0232       0.0401        0.248       0.0155
     75   400       0.0416       0.0399      0.00173        0.102        0.171        0.923       0.0293
     75   500        0.024       0.0233     0.000606       0.0697        0.131        0.359       0.0186

validation
# Epoch batch         loss       loss_f       loss_e        f_mae       f_rmse        e_mae      e/N_mae
     75   100       0.0178       0.0173     0.000545       0.0707        0.113        0.322       0.0128


  Train      #    Epoch      wal       LR       loss_f       loss_e         loss        f_mae       f_rmse        e_mae      e/N_mae
! Train              75 11461.884    0.001       0.0244      0.00156        0.026       0.0739        0.143        0.608       0.0234
! Validation         75 11461.884    0.001       0.0234     0.000726       0.0242       0.0773        0.152        0.381       0.0147
Wall time: 11461.894027800998
! Best model       75    0.024
Saved trainer to results/MEA_Allegro_0/example/trainer.pth
Saved last model to to results/MEA_Allegro_0/example/last_model.pth

training
# Epoch batch         loss       loss_f       loss_e        f_mae       f_rmse        e_mae      e/N_mae
     76   100        0.027       0.0258      0.00119       0.0836        0.138        0.534       0.0256
     76   200       0.0023      0.00126      0.00104       0.0214       0.0304        0.173       0.0172
     76   300       0.0746        0.073      0.00159        0.132        0.232        0.867       0.0286
     76   400       0.0879       0.0869        0.001        0.149        0.253        0.431       0.0229
     76   500        0.005      0.00292      0.00208       0.0314       0.0464        0.683       0.0337

validation
# Epoch batch         loss       loss_f       loss_e        f_mae       f_rmse        e_mae      e/N_mae
     76   100       0.0182       0.0176     0.000622       0.0708        0.114        0.311       0.0134


  Train      #    Epoch      wal       LR       loss_f       loss_e         loss        f_mae       f_rmse        e_mae      e/N_mae
! Train              76 11587.017    0.001       0.0256      0.00168       0.0273       0.0746        0.144        0.631       0.0248
! Validation         76 11587.017    0.001       0.0233     0.000784        0.024       0.0771        0.151        0.402       0.0156
Wall time: 11587.026658668998
! Best model       76    0.024
Saved trainer to results/MEA_Allegro_0/example/trainer.pth
Saved last model to to results/MEA_Allegro_0/example/last_model.pth

training
# Epoch batch         loss       loss_f       loss_e        f_mae       f_rmse        e_mae      e/N_mae
     77   100      0.00456      0.00206       0.0025       0.0273       0.0389        0.569       0.0353
     77   200       0.0372       0.0359      0.00126        0.103        0.163        0.884       0.0264
     77   300      0.00383      0.00253       0.0013        0.025       0.0432        0.533       0.0221
     77   400       0.0179       0.0169     0.000992       0.0429        0.111        0.434        0.022
     77   500       0.0773       0.0765     0.000832        0.119        0.237        0.471       0.0208

validation
# Epoch batch         loss       loss_f       loss_e        f_mae       f_rmse        e_mae      e/N_mae
     77   100       0.0181       0.0174     0.000661       0.0702        0.113        0.377       0.0146


  Train      #    Epoch      wal       LR       loss_f       loss_e         loss        f_mae       f_rmse        e_mae      e/N_mae
! Train              77 11715.974    0.001       0.0232       0.0015       0.0247       0.0725        0.141        0.597       0.0232
! Validation         77 11715.974    0.001       0.0232     0.000676       0.0239       0.0766        0.151        0.372       0.0144
Wall time: 11715.98281845299
! Best model       77    0.024
Saved trainer to results/MEA_Allegro_0/example/trainer.pth
Saved last model to to results/MEA_Allegro_0/example/last_model.pth

training
# Epoch batch         loss       loss_f       loss_e        f_mae       f_rmse        e_mae      e/N_mae
     78   100      0.00635      0.00558      0.00077       0.0413       0.0641        0.448         0.02
     78   200        0.012         0.01      0.00196       0.0605       0.0859        0.717       0.0279
     78   300       0.0138       0.0136     0.000247       0.0497       0.0999        0.175       0.0104
     78   400      0.00669      0.00477      0.00192       0.0277       0.0593        0.424       0.0313
     78   500       0.0029      0.00185      0.00105       0.0215       0.0369        0.354       0.0237

validation
# Epoch batch         loss       loss_f       loss_e        f_mae       f_rmse        e_mae      e/N_mae
     78   100       0.0181       0.0174     0.000678       0.0697        0.113        0.358       0.0144


  Train      #    Epoch      wal       LR       loss_f       loss_e         loss        f_mae       f_rmse        e_mae      e/N_mae
! Train              78 11840.606    0.001        0.023      0.00133       0.0243       0.0722         0.14        0.571       0.0221
! Validation         78 11840.606    0.001        0.023     0.000665       0.0237       0.0761         0.15        0.382       0.0145
Wall time: 11840.612735629998
! Best model       78    0.024
Saved trainer to results/MEA_Allegro_0/example/trainer.pth
Saved last model to to results/MEA_Allegro_0/example/last_model.pth

training
# Epoch batch         loss       loss_f       loss_e        f_mae       f_rmse        e_mae      e/N_mae
     79   100        0.159        0.158      0.00145        0.199        0.341        0.921       0.0228
     79   200       0.0307        0.026      0.00465       0.0776        0.138        0.874       0.0368
     79   300       0.0322        0.031      0.00119       0.0798        0.151         0.69       0.0265
     79   400       0.0717       0.0704      0.00129        0.111        0.228        0.748       0.0236
     79   500       0.0568       0.0551      0.00168         0.11        0.201         0.88       0.0304

validation
# Epoch batch         loss       loss_f       loss_e        f_mae       f_rmse        e_mae      e/N_mae
     79   100       0.0177       0.0171     0.000547       0.0688        0.112        0.319        0.013


  Train      #    Epoch      wal       LR       loss_f       loss_e         loss        f_mae       f_rmse        e_mae      e/N_mae
! Train              79 11970.205    0.001       0.0246      0.00156       0.0262       0.0739        0.143        0.612       0.0236
! Validation         79 11970.205    0.001        0.023     0.000661       0.0237       0.0761         0.15        0.368       0.0141
Wall time: 11970.21156979799
Saved trainer to results/MEA_Allegro_0/example/trainer.pth
Saved last model to to results/MEA_Allegro_0/example/last_model.pth
EarlyStopping: 1 / 100

training
# Epoch batch         loss       loss_f       loss_e        f_mae       f_rmse        e_mae      e/N_mae
     80   100      0.00202     0.000842      0.00118       0.0162       0.0249        0.391       0.0244
     80   200        0.046       0.0434      0.00261        0.102        0.179         1.39       0.0387
     80   300      0.00741      0.00619      0.00122         0.04       0.0675        0.555        0.023
     80   400       0.0274       0.0273     0.000146       0.0701        0.142        0.199      0.00767
     80   500       0.0191       0.0182     0.000903       0.0677        0.116        0.241       0.0185

validation
# Epoch batch         loss       loss_f       loss_e        f_mae       f_rmse        e_mae      e/N_mae
     80   100       0.0167       0.0162     0.000533       0.0676        0.109        0.251       0.0118


  Train      #    Epoch      wal       LR       loss_f       loss_e         loss        f_mae       f_rmse        e_mae      e/N_mae
! Train              80 12104.574    0.001       0.0234      0.00134       0.0247        0.072         0.14        0.563        0.022
! Validation         80 12104.574    0.001       0.0227     0.000642       0.0233       0.0757        0.149        0.366       0.0139
Wall time: 12104.582017840992
! Best model       80    0.023
Saved trainer to results/MEA_Allegro_0/example/trainer.pth
Saved last model to to results/MEA_Allegro_0/example/last_model.pth

training
# Epoch batch         loss       loss_f       loss_e        f_mae       f_rmse        e_mae      e/N_mae
     81   100       0.0108      0.00825      0.00257       0.0552        0.078         1.19       0.0329
     81   200      0.00199      0.00125     0.000733       0.0137       0.0304        0.287       0.0179
     81   300       0.0186       0.0183     0.000366       0.0802        0.116        0.427       0.0125
     81   400      0.00879      0.00769      0.00111       0.0484       0.0753         0.68       0.0258
     81   500       0.0191       0.0168      0.00237       0.0425        0.111        0.639       0.0363

validation
# Epoch batch         loss       loss_f       loss_e        f_mae       f_rmse        e_mae      e/N_mae
     81   100       0.0183       0.0179     0.000457       0.0699        0.115        0.404       0.0143


  Train      #    Epoch      wal       LR       loss_f       loss_e         loss        f_mae       f_rmse        e_mae      e/N_mae
! Train              81 12298.875    0.001       0.0241      0.00158       0.0257       0.0735        0.143        0.624        0.024
! Validation         81 12298.875    0.001       0.0227     0.000683       0.0234       0.0756        0.149        0.384       0.0147
Wall time: 12298.883872387
Saved trainer to results/MEA_Allegro_0/example/trainer.pth
Saved last model to to results/MEA_Allegro_0/example/last_model.pth
EarlyStopping: 1 / 100

training
# Epoch batch         loss       loss_f       loss_e        f_mae       f_rmse        e_mae      e/N_mae
     82   100       0.0657       0.0648     0.000809        0.128        0.219        0.534       0.0201
     82   200       0.0538       0.0537     0.000116        0.119        0.199        0.172      0.00762
     82   300      0.00257      0.00118      0.00138       0.0171       0.0295        0.254       0.0187
     82   400       0.0586       0.0573      0.00125       0.0971        0.206        0.658       0.0236
     82   500      0.00792      0.00766     0.000257       0.0472       0.0751        0.237       0.0118

validation
# Epoch batch         loss       loss_f       loss_e        f_mae       f_rmse        e_mae      e/N_mae
     82   100       0.0163       0.0158     0.000514       0.0667        0.108        0.272       0.0121


  Train      #    Epoch      wal       LR       loss_f       loss_e         loss        f_mae       f_rmse        e_mae      e/N_mae
! Train              82 12434.870    0.001       0.0234      0.00142       0.0249       0.0718        0.139        0.572       0.0219
! Validation         82 12434.870    0.001       0.0224     0.000654       0.0231       0.0751        0.148        0.356       0.0139
Wall time: 12434.878000542987
! Best model       82    0.023
Saved trainer to results/MEA_Allegro_0/example/trainer.pth
Saved last model to to results/MEA_Allegro_0/example/last_model.pth

training
# Epoch batch         loss       loss_f       loss_e        f_mae       f_rmse        e_mae      e/N_mae
     83   100       0.0285       0.0277     0.000785       0.0915        0.143        0.484       0.0165
     83   200       0.0205       0.0171      0.00339       0.0669        0.112         1.45       0.0389
     83   300      0.00208      0.00169     0.000392       0.0218       0.0353        0.326       0.0145
     83   400        0.012       0.0113     0.000713       0.0624       0.0911        0.786       0.0186
     83   500      0.00158      0.00126     0.000318       0.0188       0.0305        0.208        0.013

validation
# Epoch batch         loss       loss_f       loss_e        f_mae       f_rmse        e_mae      e/N_mae
     83   100       0.0166       0.0161     0.000541       0.0675        0.109        0.289       0.0124


  Train      #    Epoch      wal       LR       loss_f       loss_e         loss        f_mae       f_rmse        e_mae      e/N_mae
! Train              83 12579.419    0.001       0.0228      0.00133       0.0241        0.071        0.139        0.561       0.0215
! Validation         83 12579.419    0.001       0.0223     0.000652        0.023       0.0748        0.148        0.361       0.0138
Wall time: 12579.426756778994
! Best model       83    0.023
Saved trainer to results/MEA_Allegro_0/example/trainer.pth
Saved last model to to results/MEA_Allegro_0/example/last_model.pth

training
# Epoch batch         loss       loss_f       loss_e        f_mae       f_rmse        e_mae      e/N_mae
     84   100      0.00488      0.00402     0.000855       0.0347       0.0544        0.374       0.0188
     84   200      0.00288       0.0014      0.00148       0.0194       0.0321        0.448        0.028
     84   300       0.0107      0.00984      0.00081       0.0562       0.0852        0.348       0.0159
     84   400       0.0147       0.0128      0.00189       0.0603       0.0972        0.746       0.0235
     84   500       0.0413       0.0407     0.000608       0.0838        0.173         0.43       0.0164

validation
# Epoch batch         loss       loss_f       loss_e        f_mae       f_rmse        e_mae      e/N_mae
     84   100       0.0165        0.016     0.000522       0.0665        0.109        0.262        0.012


  Train      #    Epoch      wal       LR       loss_f       loss_e         loss        f_mae       f_rmse        e_mae      e/N_mae
! Train              84 12727.115    0.001       0.0234      0.00144       0.0249       0.0722         0.14        0.592       0.0225
! Validation         84 12727.115    0.001       0.0222     0.000636       0.0228       0.0746        0.147        0.358       0.0137
Wall time: 12727.123385590996
! Best model       84    0.023
Saved trainer to results/MEA_Allegro_0/example/trainer.pth
Saved last model to to results/MEA_Allegro_0/example/last_model.pth

training
# Epoch batch         loss       loss_f       loss_e        f_mae       f_rmse        e_mae      e/N_mae
     85   100       0.0044       0.0037     0.000695       0.0366       0.0522        0.721       0.0188
     85   200       0.0914       0.0904      0.00103        0.166        0.258        0.468        0.018
     85   300       0.0128       0.0116      0.00126       0.0611       0.0923         0.63       0.0238
     85   400      0.00142      0.00121     0.000212       0.0176       0.0298        0.142      0.00997
     85   500       0.0584       0.0582     0.000237        0.134        0.207        0.223      0.00963

validation
# Epoch batch         loss       loss_f       loss_e        f_mae       f_rmse        e_mae      e/N_mae
     85   100       0.0162       0.0157     0.000466        0.066        0.108        0.281       0.0114


  Train      #    Epoch      wal       LR       loss_f       loss_e         loss        f_mae       f_rmse        e_mae      e/N_mae
! Train              85 12865.027    0.001       0.0225      0.00133       0.0239       0.0709        0.138        0.557       0.0213
! Validation         85 12865.027    0.001        0.022     0.000606       0.0226       0.0742        0.147        0.361       0.0137
Wall time: 12865.038357446989
! Best model       85    0.023
Saved trainer to results/MEA_Allegro_0/example/trainer.pth
Saved last model to to results/MEA_Allegro_0/example/last_model.pth

training
# Epoch batch         loss       loss_f       loss_e        f_mae       f_rmse        e_mae      e/N_mae
     86   100      0.00412      0.00338     0.000745       0.0313       0.0499        0.442       0.0187
     86   200      0.00946      0.00845      0.00102       0.0557       0.0789        0.647       0.0201
     86   300       0.0299       0.0281       0.0018       0.0842        0.144         0.66        0.023
     86   400      0.00479      0.00325      0.00155       0.0295       0.0489         0.68       0.0237
     86   500       0.0328       0.0305      0.00233       0.0745         0.15        0.439        0.032

validation
# Epoch batch         loss       loss_f       loss_e        f_mae       f_rmse        e_mae      e/N_mae
     86   100       0.0159       0.0154     0.000468       0.0651        0.107        0.232       0.0105


  Train      #    Epoch      wal       LR       loss_f       loss_e         loss        f_mae       f_rmse        e_mae      e/N_mae
! Train              86 13002.347    0.001       0.0231      0.00144       0.0246       0.0713        0.139        0.586       0.0229
! Validation         86 13002.347    0.001       0.0219     0.000632       0.0225        0.074        0.146        0.362       0.0138
Wall time: 13002.352569873998
! Best model       86    0.023
Saved trainer to results/MEA_Allegro_0/example/trainer.pth
Saved last model to to results/MEA_Allegro_0/example/last_model.pth

training
# Epoch batch         loss       loss_f       loss_e        f_mae       f_rmse        e_mae      e/N_mae
     87   100      0.00205      0.00166     0.000393       0.0247        0.035         0.23       0.0151
     87   200       0.0026      0.00189     0.000712       0.0218       0.0373        0.436       0.0188
     87   300       0.0597       0.0581      0.00162        0.125        0.207        0.876       0.0273
     87   400        0.039       0.0352      0.00384        0.108        0.161        0.569       0.0276
     87   500      0.00347       0.0029      0.00057       0.0303       0.0462        0.294       0.0174

validation
# Epoch batch         loss       loss_f       loss_e        f_mae       f_rmse        e_mae      e/N_mae
     87   100       0.0157       0.0152      0.00047       0.0651        0.106        0.255       0.0117


  Train      #    Epoch      wal       LR       loss_f       loss_e         loss        f_mae       f_rmse        e_mae      e/N_mae
! Train              87 13132.841    0.001       0.0221      0.00127       0.0233       0.0694        0.136        0.534       0.0207
! Validation         87 13132.841    0.001       0.0217      0.00063       0.0224       0.0737        0.146        0.346       0.0134
Wall time: 13132.848587967994
! Best model       87    0.022
Saved trainer to results/MEA_Allegro_0/example/trainer.pth
Saved last model to to results/MEA_Allegro_0/example/last_model.pth

training
# Epoch batch         loss       loss_f       loss_e        f_mae       f_rmse        e_mae      e/N_mae
     88   100      0.00798      0.00519      0.00279       0.0404       0.0618         1.05       0.0403
     88   200      0.00416      0.00357     0.000594       0.0344       0.0513        0.435       0.0166
     88   300      0.00647      0.00556     0.000917       0.0432        0.064        0.707        0.021
     88   400       0.0127       0.0118     0.000866       0.0617       0.0932        0.743       0.0198
     88   500       0.0019       0.0012     0.000701       0.0145       0.0298        0.313       0.0196

validation
# Epoch batch         loss       loss_f       loss_e        f_mae       f_rmse        e_mae      e/N_mae
     88   100       0.0153       0.0149     0.000365       0.0647        0.105         0.17       0.0098


  Train      #    Epoch      wal       LR       loss_f       loss_e         loss        f_mae       f_rmse        e_mae      e/N_mae
! Train              88 13264.873    0.001       0.0226      0.00145       0.0241       0.0701        0.137        0.605       0.0231
! Validation         88 13264.873    0.001       0.0216     0.000632       0.0222       0.0734        0.145         0.35       0.0134
Wall time: 13264.880420845991
! Best model       88    0.022
Saved trainer to results/MEA_Allegro_0/example/trainer.pth
Saved last model to to results/MEA_Allegro_0/example/last_model.pth

training
# Epoch batch         loss       loss_f       loss_e        f_mae       f_rmse        e_mae      e/N_mae
     89   100       0.0997       0.0988     0.000861         0.17         0.27        0.608       0.0175
     89   200      0.00253      0.00198     0.000557       0.0156       0.0382        0.204       0.0156
     89   300       0.0305        0.029      0.00155        0.075        0.146        0.844       0.0249
     89   400       0.0412       0.0384      0.00279       0.0875        0.168        0.249       0.0294
     89   500      0.00114     0.000896      0.00024       0.0167       0.0257       0.0964      0.00978

validation
# Epoch batch         loss       loss_f       loss_e        f_mae       f_rmse        e_mae      e/N_mae
     89   100       0.0154       0.0149     0.000483       0.0637        0.105         0.34       0.0128


  Train      #    Epoch      wal       LR       loss_f       loss_e         loss        f_mae       f_rmse        e_mae      e/N_mae
! Train              89 13408.738    0.001       0.0222      0.00118       0.0233       0.0695        0.136        0.538       0.0202
! Validation         89 13408.738    0.001       0.0215     0.000599       0.0221       0.0731        0.145        0.347       0.0133
Wall time: 13408.74263255499
! Best model       89    0.022
Saved trainer to results/MEA_Allegro_0/example/trainer.pth
Saved last model to to results/MEA_Allegro_0/example/last_model.pth

training
# Epoch batch         loss       loss_f       loss_e        f_mae       f_rmse        e_mae      e/N_mae
     90   100       0.0114      0.00978      0.00165       0.0594       0.0849        0.839       0.0225
     90   200       0.0105       0.0071       0.0034        0.045       0.0723         1.42       0.0364
     90   300       0.0151       0.0131      0.00195        0.068       0.0984        0.806       0.0306
     90   400        0.104        0.104     0.000321        0.175        0.276        0.542       0.0118
     90   500       0.0499       0.0491     0.000795        0.104         0.19        0.579       0.0157

validation
# Epoch batch         loss       loss_f       loss_e        f_mae       f_rmse        e_mae      e/N_mae
     90   100       0.0155        0.015     0.000471       0.0644        0.105        0.283       0.0115


  Train      #    Epoch      wal       LR       loss_f       loss_e         loss        f_mae       f_rmse        e_mae      e/N_mae
! Train              90 13590.663    0.001       0.0225      0.00133       0.0238       0.0701        0.137        0.586       0.0222
! Validation         90 13590.663    0.001       0.0214     0.000585        0.022       0.0729        0.145        0.347       0.0132
Wall time: 13590.671551958992
! Best model       90    0.022
Saved trainer to results/MEA_Allegro_0/example/trainer.pth
Saved last model to to results/MEA_Allegro_0/example/last_model.pth

training
# Epoch batch         loss       loss_f       loss_e        f_mae       f_rmse        e_mae      e/N_mae
     91   100      0.00174      0.00118     0.000555       0.0177       0.0295        0.271       0.0169
     91   200      0.00923      0.00811      0.00112       0.0458       0.0773        0.613       0.0204
     91   300      0.00586       0.0035      0.00236        0.032       0.0508        0.841       0.0363
     91   400       0.0126       0.0117     0.000968       0.0562       0.0927        0.496       0.0206
     91   500       0.0114       0.0109     0.000585       0.0555       0.0894        0.608       0.0175

validation
# Epoch batch         loss       loss_f       loss_e        f_mae       f_rmse        e_mae      e/N_mae
     91   100       0.0147       0.0143     0.000445       0.0628        0.103        0.245       0.0112


  Train      #    Epoch      wal       LR       loss_f       loss_e         loss        f_mae       f_rmse        e_mae      e/N_mae
! Train              91 13718.372    0.001       0.0233      0.00163       0.0249       0.0712         0.14        0.632       0.0241
! Validation         91 13718.372    0.001       0.0212     0.000594       0.0218       0.0726        0.144        0.342       0.0129
Wall time: 13718.377416386997
! Best model       91    0.022
Saved trainer to results/MEA_Allegro_0/example/trainer.pth
Saved last model to to results/MEA_Allegro_0/example/last_model.pth

training
# Epoch batch         loss       loss_f       loss_e        f_mae       f_rmse        e_mae      e/N_mae
     92   100      0.00491      0.00452     0.000395       0.0383       0.0577        0.277        0.013
     92   200       0.0595       0.0564      0.00316        0.115        0.204         1.12       0.0338
     92   300     0.000923     0.000587     0.000336       0.0134       0.0208        0.198       0.0124
     92   400       0.0113       0.0106     0.000659       0.0514       0.0885        0.467       0.0141
     92   500      0.00546      0.00508     0.000377       0.0395       0.0612        0.312       0.0139

validation
# Epoch batch         loss       loss_f       loss_e        f_mae       f_rmse        e_mae      e/N_mae
     92   100       0.0147       0.0143     0.000413       0.0634        0.103        0.286       0.0117


  Train      #    Epoch      wal       LR       loss_f       loss_e         loss        f_mae       f_rmse        e_mae      e/N_mae
! Train              92 13862.978    0.001       0.0224      0.00133       0.0237       0.0689        0.136        0.559       0.0213
! Validation         92 13862.978    0.001       0.0212     0.000562       0.0217       0.0724        0.144        0.331       0.0128
Wall time: 13862.987834265994
! Best model       92    0.022
Saved trainer to results/MEA_Allegro_0/example/trainer.pth
Saved last model to to results/MEA_Allegro_0/example/last_model.pth

training
# Epoch batch         loss       loss_f       loss_e        f_mae       f_rmse        e_mae      e/N_mae
     93   100       0.0012     0.000778     0.000423       0.0158       0.0239        0.226       0.0141
     93   200       0.0135       0.0127     0.000766       0.0624       0.0968        0.632       0.0181
     93   300       0.0206       0.0204     0.000179       0.0772        0.123        0.267      0.00938
     93   400       0.0945       0.0931      0.00135        0.178        0.262        0.477       0.0216
     93   500       0.0057      0.00502     0.000681       0.0358       0.0608        0.455       0.0168

validation
# Epoch batch         loss       loss_f       loss_e        f_mae       f_rmse        e_mae      e/N_mae
     93   100       0.0147       0.0143     0.000405       0.0631        0.103        0.264       0.0114


  Train      #    Epoch      wal       LR       loss_f       loss_e         loss        f_mae       f_rmse        e_mae      e/N_mae
! Train              93 14006.104    0.001       0.0217      0.00113       0.0228       0.0684        0.134        0.516       0.0198
! Validation         93 14006.104    0.001       0.0211     0.000585       0.0217       0.0721        0.143        0.341        0.013
Wall time: 14006.111780547988
! Best model       93    0.022
Saved trainer to results/MEA_Allegro_0/example/trainer.pth
Saved last model to to results/MEA_Allegro_0/example/last_model.pth

training
# Epoch batch         loss       loss_f       loss_e        f_mae       f_rmse        e_mae      e/N_mae
     94   100       0.0111      0.00906        0.002       0.0554       0.0817        0.964       0.0283
     94   200      0.00295      0.00239     0.000556       0.0287        0.042        0.224       0.0136
     94   300       0.0601       0.0592     0.000951        0.134        0.209         1.05       0.0204
     94   400       0.0144       0.0138     0.000634       0.0529        0.101        0.394       0.0192
     94   500      0.00662      0.00643     0.000189       0.0473       0.0688        0.185       0.0101

validation
# Epoch batch         loss       loss_f       loss_e        f_mae       f_rmse        e_mae      e/N_mae
     94   100        0.014       0.0136     0.000399       0.0619          0.1        0.273       0.0111


  Train      #    Epoch      wal       LR       loss_f       loss_e         loss        f_mae       f_rmse        e_mae      e/N_mae
! Train              94 14154.908    0.001       0.0216       0.0013       0.0229       0.0687        0.135        0.572       0.0214
! Validation         94 14154.908    0.001       0.0209     0.000535       0.0215       0.0717        0.143        0.323       0.0124
Wall time: 14154.915299152999
! Best model       94    0.021
Saved trainer to results/MEA_Allegro_0/example/trainer.pth
Saved last model to to results/MEA_Allegro_0/example/last_model.pth

training
# Epoch batch         loss       loss_f       loss_e        f_mae       f_rmse        e_mae      e/N_mae
     95   100       0.0279       0.0259        0.002       0.0763        0.138        0.673       0.0297
     95   200      0.00527      0.00441      0.00086       0.0346        0.057         0.53       0.0205
     95   300      0.00828       0.0081      0.00018       0.0436       0.0773        0.169      0.00888
     95   400       0.0634       0.0618      0.00154          0.1        0.213        0.786       0.0222
     95   500      0.00436      0.00395     0.000413       0.0318       0.0539        0.313       0.0146

validation
# Epoch batch         loss       loss_f       loss_e        f_mae       f_rmse        e_mae      e/N_mae
     95   100       0.0146       0.0143     0.000356       0.0624        0.103        0.159      0.00918


  Train      #    Epoch      wal       LR       loss_f       loss_e         loss        f_mae       f_rmse        e_mae      e/N_mae
! Train              95 14361.525    0.001       0.0215      0.00123       0.0227        0.068        0.134        0.552       0.0212
! Validation         95 14361.525    0.001       0.0208     0.000565       0.0213       0.0715        0.142         0.35        0.013
Wall time: 14361.531158574988
! Best model       95    0.021
Saved trainer to results/MEA_Allegro_0/example/trainer.pth
Saved last model to to results/MEA_Allegro_0/example/last_model.pth

training
# Epoch batch         loss       loss_f       loss_e        f_mae       f_rmse        e_mae      e/N_mae
     96   100       0.0569       0.0563     0.000606        0.118        0.204        0.453       0.0185
     96   200       0.0343       0.0335     0.000733       0.0695        0.157        0.309       0.0193
     96   300       0.0399       0.0377       0.0022        0.105        0.167         1.16       0.0366
     96   400      0.00236     0.000511      0.00185       0.0111       0.0194        0.409        0.033
     96   500      0.00992      0.00803      0.00189       0.0491       0.0769         1.01       0.0246

validation
# Epoch batch         loss       loss_f       loss_e        f_mae       f_rmse        e_mae      e/N_mae
     96   100       0.0147       0.0143     0.000341       0.0623        0.103        0.234       0.0105


  Train      #    Epoch      wal       LR       loss_f       loss_e         loss        f_mae       f_rmse        e_mae      e/N_mae
! Train              96 14542.112    0.001       0.0218      0.00138       0.0232       0.0684        0.135        0.589       0.0229
! Validation         96 14542.112    0.001       0.0207     0.000554       0.0213       0.0714        0.142        0.331       0.0125
Wall time: 14542.11974086499
! Best model       96    0.021
Saved trainer to results/MEA_Allegro_0/example/trainer.pth
Saved last model to to results/MEA_Allegro_0/example/last_model.pth

training
# Epoch batch         loss       loss_f       loss_e        f_mae       f_rmse        e_mae      e/N_mae
     97   100       0.0335        0.033     0.000458       0.0748        0.156        0.408       0.0141
     97   200       0.0182       0.0156      0.00263       0.0654        0.107        0.191       0.0244
     97   300       0.0118       0.0112     0.000581       0.0553       0.0909          0.4       0.0165
     97   400       0.0537       0.0467      0.00691        0.106        0.186            1       0.0424
     97   500      0.00425      0.00304      0.00121       0.0263       0.0473        0.304        0.023

validation
# Epoch batch         loss       loss_f       loss_e        f_mae       f_rmse        e_mae      e/N_mae
     97   100       0.0138       0.0135     0.000329       0.0613       0.0996        0.277       0.0108


  Train      #    Epoch      wal       LR       loss_f       loss_e         loss        f_mae       f_rmse        e_mae      e/N_mae
! Train              97 14679.548    0.001       0.0211      0.00113       0.0222       0.0674        0.133         0.51       0.0198
! Validation         97 14679.548    0.001       0.0206      0.00054       0.0211        0.071        0.142        0.332       0.0126
Wall time: 14679.554109523
! Best model       97    0.021
Saved trainer to results/MEA_Allegro_0/example/trainer.pth
Saved last model to to results/MEA_Allegro_0/example/last_model.pth

training
# Epoch batch         loss       loss_f       loss_e        f_mae       f_rmse        e_mae      e/N_mae
     98   100       0.0162       0.0158     0.000476       0.0641        0.108        0.214       0.0135
     98   200      0.00483     0.000675      0.00416       0.0124       0.0223        0.517       0.0431
     98   300       0.0792       0.0762      0.00299        0.132        0.237        0.778        0.038
     98   400       0.0414       0.0406     0.000882       0.0817        0.173        0.306       0.0217
     98   500       0.0485       0.0484     0.000121        0.115        0.189        0.178       0.0078

validation
# Epoch batch         loss       loss_f       loss_e        f_mae       f_rmse        e_mae      e/N_mae
     98   100        0.014       0.0137      0.00032       0.0609          0.1        0.233      0.00992


  Train      #    Epoch      wal       LR       loss_f       loss_e         loss        f_mae       f_rmse        e_mae      e/N_mae
! Train              98 14827.356    0.001       0.0214      0.00131       0.0227       0.0677        0.133        0.568       0.0218
! Validation         98 14827.356    0.001       0.0205      0.00051        0.021       0.0708        0.141        0.317        0.012
Wall time: 14827.362501819996
! Best model       98    0.021
Saved trainer to results/MEA_Allegro_0/example/trainer.pth
Saved last model to to results/MEA_Allegro_0/example/last_model.pth

training
# Epoch batch         loss       loss_f       loss_e        f_mae       f_rmse        e_mae      e/N_mae
     99   100     0.000724     0.000534      0.00019       0.0131       0.0198        0.146      0.00951
     99   200       0.0613       0.0598      0.00146        0.121         0.21        0.755       0.0299
     99   300      0.00344      0.00316     0.000285        0.028       0.0482        0.207       0.0114
     99   400      0.00703      0.00579      0.00123       0.0429       0.0653        0.753       0.0222
     99   500      0.00988      0.00804      0.00183       0.0503        0.077         1.22       0.0335

validation
# Epoch batch         loss       loss_f       loss_e        f_mae       f_rmse        e_mae      e/N_mae
     99   100       0.0144       0.0141     0.000324       0.0618        0.102        0.186      0.00991


  Train      #    Epoch      wal       LR       loss_f       loss_e         loss        f_mae       f_rmse        e_mae      e/N_mae
! Train              99 15032.633    0.001       0.0213      0.00124       0.0225       0.0676        0.133        0.533       0.0206
! Validation         99 15032.633    0.001       0.0204     0.000574        0.021       0.0708        0.141        0.336       0.0131
Wall time: 15032.642495654
! Best model       99    0.021
Saved trainer to results/MEA_Allegro_0/example/trainer.pth
Saved last model to to results/MEA_Allegro_0/example/last_model.pth

training
# Epoch batch         loss       loss_f       loss_e        f_mae       f_rmse        e_mae      e/N_mae
    100   100      0.00298      0.00263     0.000355       0.0297        0.044        0.342       0.0128
    100   200       0.0387       0.0368      0.00192       0.0894        0.165         0.97       0.0224
    100   300      0.00572      0.00508     0.000644       0.0406       0.0612        0.524       0.0194
    100   400       0.0111      0.00846       0.0026       0.0554       0.0789         1.17       0.0392
    100   500       0.0099        0.007       0.0029       0.0285       0.0718        0.466       0.0261

validation
# Epoch batch         loss       loss_f       loss_e        f_mae       f_rmse        e_mae      e/N_mae
    100   100       0.0139       0.0135     0.000315       0.0611       0.0999        0.224       0.0096


  Train      #    Epoch      wal       LR       loss_f       loss_e         loss        f_mae       f_rmse        e_mae      e/N_mae
! Train             100 15380.623    0.001       0.0224      0.00133       0.0237       0.0684        0.135        0.572        0.022
! Validation        100 15380.623    0.001       0.0203     0.000576       0.0208       0.0704         0.14        0.337       0.0126
Wall time: 15380.630865458996
! Best model      100    0.021
Saved trainer to results/MEA_Allegro_0/example/trainer.pth
Saved last model to to results/MEA_Allegro_0/example/last_model.pth

training
# Epoch batch         loss       loss_f       loss_e        f_mae       f_rmse        e_mae      e/N_mae
    101   100         0.11        0.108      0.00119        0.137        0.283        0.744       0.0214
    101   200      0.00691      0.00609     0.000813       0.0432        0.067        0.271       0.0156
    101   300       0.0686       0.0654       0.0032        0.139         0.22         1.03       0.0351
    101   400      0.00172     0.000663      0.00105       0.0136       0.0221        0.336       0.0262
    101   500      0.00633      0.00564     0.000687       0.0402       0.0645        0.431       0.0172

validation
# Epoch batch         loss       loss_f       loss_e        f_mae       f_rmse        e_mae      e/N_mae
    101   100       0.0134       0.0131     0.000305       0.0598       0.0981        0.242       0.0102


  Train      #    Epoch      wal       LR       loss_f       loss_e         loss        f_mae       f_rmse        e_mae      e/N_mae
! Train             101 15516.674    0.001       0.0206      0.00121       0.0218       0.0667        0.132        0.543       0.0207
! Validation        101 15516.674    0.001       0.0201     0.000494       0.0206       0.0701         0.14        0.319       0.0119
Wall time: 15516.682249344987
! Best model      101    0.021
Saved trainer to results/MEA_Allegro_0/example/trainer.pth
Saved last model to to results/MEA_Allegro_0/example/last_model.pth

training
# Epoch batch         loss       loss_f       loss_e        f_mae       f_rmse        e_mae      e/N_mae
    102   100      0.00425      0.00341     0.000835       0.0304       0.0501        0.477       0.0183
    102   200       0.0646       0.0634      0.00118        0.127        0.216        0.676       0.0216
    102   300      0.00349       0.0029     0.000591       0.0296       0.0462         0.45       0.0178
    102   400       0.0394       0.0387     0.000735       0.0939        0.169        0.463       0.0197
    102   500      0.00999      0.00911     0.000884       0.0582       0.0819        0.623       0.0131

validation
# Epoch batch         loss       loss_f       loss_e        f_mae       f_rmse        e_mae      e/N_mae
    102   100       0.0134       0.0131      0.00028       0.0609       0.0984        0.219      0.00906


  Train      #    Epoch      wal       LR       loss_f       loss_e         loss        f_mae       f_rmse        e_mae      e/N_mae
! Train             102 15643.886    0.001       0.0209      0.00116       0.0221       0.0667        0.132        0.527       0.0201
! Validation        102 15643.886    0.001       0.0202     0.000497       0.0207       0.0701         0.14        0.315       0.0117
Wall time: 15643.894703271988
Saved trainer to results/MEA_Allegro_0/example/trainer.pth
Saved last model to to results/MEA_Allegro_0/example/last_model.pth
EarlyStopping: 1 / 100

training
# Epoch batch         loss       loss_f       loss_e        f_mae       f_rmse        e_mae      e/N_mae
    103   100       0.0563       0.0558      0.00054        0.116        0.203        0.398       0.0179
    103   200        0.034       0.0322       0.0018       0.0797        0.154        0.471       0.0326
    103   300      0.00306      0.00241     0.000648       0.0275       0.0421        0.361       0.0191
    103   400      0.00392      0.00338     0.000541       0.0284       0.0499        0.157       0.0151
    103   500       0.0589       0.0574      0.00147        0.102        0.206        0.373       0.0238

validation
# Epoch batch         loss       loss_f       loss_e        f_mae       f_rmse        e_mae      e/N_mae
    103   100       0.0131       0.0129     0.000263         0.06       0.0974        0.264      0.00998


  Train      #    Epoch      wal       LR       loss_f       loss_e         loss        f_mae       f_rmse        e_mae      e/N_mae
! Train             103 15849.558    0.001       0.0209      0.00117       0.0221       0.0671        0.133        0.532       0.0205
! Validation        103 15849.558    0.001       0.0201     0.000481       0.0205       0.0698         0.14         0.31       0.0117
Wall time: 15849.565339179986
! Best model      103    0.021
Saved trainer to results/MEA_Allegro_0/example/trainer.pth
Saved last model to to results/MEA_Allegro_0/example/last_model.pth

training
# Epoch batch         loss       loss_f       loss_e        f_mae       f_rmse        e_mae      e/N_mae
    104   100       0.0105      0.00965     0.000847       0.0499       0.0843        0.371       0.0204
    104   200      0.00097     0.000591     0.000379       0.0142       0.0209        0.218       0.0149
    104   300      0.00123      0.00069     0.000543       0.0136       0.0225        0.142       0.0162
    104   400       0.0116      0.00792      0.00365       0.0522       0.0764         1.34       0.0318
    104   500       0.0289       0.0263      0.00264       0.0848        0.139        0.904        0.023

validation
# Epoch batch         loss       loss_f       loss_e        f_mae       f_rmse        e_mae      e/N_mae
    104   100       0.0131       0.0129      0.00027       0.0601       0.0974         0.21      0.00914


  Train      #    Epoch      wal       LR       loss_f       loss_e         loss        f_mae       f_rmse        e_mae      e/N_mae
! Train             104 16017.150    0.001       0.0207      0.00119       0.0219       0.0663        0.131        0.536       0.0206
! Validation        104 16017.150    0.001       0.0201     0.000516       0.0206       0.0698         0.14        0.316       0.0117
Wall time: 16017.157581995998
Saved trainer to results/MEA_Allegro_0/example/trainer.pth
Saved last model to to results/MEA_Allegro_0/example/last_model.pth
EarlyStopping: 1 / 100

training
# Epoch batch         loss       loss_f       loss_e        f_mae       f_rmse        e_mae      e/N_mae
    105   100       0.0128       0.0125     0.000267       0.0501       0.0961        0.219       0.0113
    105   200       0.0509       0.0502     0.000644        0.105        0.192        0.444       0.0186
    105   300      0.00973      0.00804      0.00168       0.0505        0.077        0.973       0.0262
    105   400      0.00127     0.000907     0.000366       0.0138       0.0259        0.221       0.0138
    105   500       0.0189       0.0179     0.000961       0.0785        0.115        0.625       0.0172

validation
# Epoch batch         loss       loss_f       loss_e        f_mae       f_rmse        e_mae      e/N_mae
    105   100        0.013       0.0127     0.000315       0.0592       0.0966        0.238         0.01


  Train      #    Epoch      wal       LR       loss_f       loss_e         loss        f_mae       f_rmse        e_mae      e/N_mae
! Train             105 16188.492    0.001       0.0205       0.0012       0.0217       0.0665        0.132         0.53       0.0204
! Validation        105 16188.492    0.001       0.0198     0.000469       0.0203       0.0693        0.139        0.312       0.0115
Wall time: 16188.500613663986
! Best model      105    0.020
Saved trainer to results/MEA_Allegro_0/example/trainer.pth
Saved last model to to results/MEA_Allegro_0/example/last_model.pth

training
# Epoch batch         loss       loss_f       loss_e        f_mae       f_rmse        e_mae      e/N_mae
    106   100       0.0209       0.0193      0.00161       0.0678        0.119         0.42       0.0274
    106   200       0.0209       0.0192      0.00173       0.0719        0.119        0.927       0.0326
    106   300      0.00673      0.00621     0.000515       0.0417       0.0677        0.317        0.017
    106   400      0.00413      0.00397     0.000166       0.0398       0.0541          0.3      0.00924
    106   500      0.00679      0.00624     0.000546       0.0374       0.0678        0.314       0.0175

validation
# Epoch batch         loss       loss_f       loss_e        f_mae       f_rmse        e_mae      e/N_mae
    106   100       0.0134       0.0131     0.000249       0.0603       0.0983        0.238      0.00979


  Train      #    Epoch      wal       LR       loss_f       loss_e         loss        f_mae       f_rmse        e_mae      e/N_mae
! Train             106 16314.390    0.001       0.0213       0.0013       0.0227       0.0676        0.134         0.57       0.0217
! Validation        106 16314.390    0.001       0.0198     0.000498       0.0203       0.0693        0.139        0.318        0.012
Wall time: 16314.400118395992
! Best model      106    0.020
Saved trainer to results/MEA_Allegro_0/example/trainer.pth
Saved last model to to results/MEA_Allegro_0/example/last_model.pth

training
# Epoch batch         loss       loss_f       loss_e        f_mae       f_rmse        e_mae      e/N_mae
    107   100      0.00583       0.0054     0.000427       0.0452       0.0631        0.589       0.0166
    107   200      0.00131     0.000744     0.000565       0.0124       0.0234          0.3       0.0199
    107   300       0.0194       0.0184     0.000954       0.0642        0.116        0.685       0.0209
    107   400       0.0677       0.0676     0.000131       0.0953        0.223        0.188      0.00727
    107   500      0.00595       0.0055     0.000449       0.0424       0.0636        0.295       0.0145

validation
# Epoch batch         loss       loss_f       loss_e        f_mae       f_rmse        e_mae      e/N_mae
    107   100       0.0137       0.0133      0.00031       0.0602       0.0992         0.26       0.0107


  Train      #    Epoch      wal       LR       loss_f       loss_e         loss        f_mae       f_rmse        e_mae      e/N_mae
! Train             107 16519.780    0.001       0.0202      0.00111       0.0213       0.0655        0.131        0.515       0.0196
! Validation        107 16519.780    0.001       0.0198     0.000499       0.0203       0.0691        0.138        0.311       0.0116
Wall time: 16519.784063716987
! Best model      107    0.020
Saved trainer to results/MEA_Allegro_0/example/trainer.pth
Saved last model to to results/MEA_Allegro_0/example/last_model.pth

training
# Epoch batch         loss       loss_f       loss_e        f_mae       f_rmse        e_mae      e/N_mae
    108   100       0.0182       0.0165      0.00166       0.0597         0.11        0.553       0.0271
    108   200       0.0403       0.0401     0.000271        0.103        0.172        0.317       0.0131
    108   300      0.00237     0.000598      0.00177       0.0122        0.021        0.217       0.0279
    108   400      0.00327      0.00289     0.000386       0.0267       0.0461        0.351        0.014
    108   500       0.0401       0.0398     0.000297       0.0971        0.171        0.353       0.0128

validation
# Epoch batch         loss       loss_f       loss_e        f_mae       f_rmse        e_mae      e/N_mae
    108   100       0.0125       0.0123     0.000263       0.0585       0.0951        0.281         0.01


  Train      #    Epoch      wal       LR       loss_f       loss_e         loss        f_mae       f_rmse        e_mae      e/N_mae
! Train             108 16669.743    0.001       0.0205     0.000996       0.0215        0.066        0.131        0.487       0.0186
! Validation        108 16669.743    0.001       0.0196     0.000482       0.0201       0.0689        0.138        0.314       0.0116
Wall time: 16669.751274317998
! Best model      108    0.020
Saved trainer to results/MEA_Allegro_0/example/trainer.pth
Saved last model to to results/MEA_Allegro_0/example/last_model.pth

training
# Epoch batch         loss       loss_f       loss_e        f_mae       f_rmse        e_mae      e/N_mae
    109   100       0.0589       0.0578      0.00111        0.134        0.206         1.15       0.0247
    109   200      0.00414      0.00338     0.000765       0.0274       0.0499        0.443       0.0203
    109   300       0.0125        0.011      0.00145       0.0316         0.09        0.348        0.018
    109   400      0.00401      0.00341     0.000605       0.0331       0.0501        0.609       0.0155
    109   500      0.00356       0.0029      0.00066       0.0314       0.0462        0.462       0.0184

validation
# Epoch batch         loss       loss_f       loss_e        f_mae       f_rmse        e_mae      e/N_mae
    109   100       0.0129       0.0127     0.000232       0.0588       0.0966        0.196      0.00879


  Train      #    Epoch      wal       LR       loss_f       loss_e         loss        f_mae       f_rmse        e_mae      e/N_mae
! Train             109 16888.463    0.001       0.0203      0.00112       0.0214       0.0652         0.13         0.51       0.0194
! Validation        109 16888.463    0.001       0.0196     0.000457       0.0201       0.0686        0.138        0.306       0.0112
Wall time: 16888.47288136999
! Best model      109    0.020
Saved trainer to results/MEA_Allegro_0/example/trainer.pth
Saved last model to to results/MEA_Allegro_0/example/last_model.pth

training
# Epoch batch         loss       loss_f       loss_e        f_mae       f_rmse        e_mae      e/N_mae
    110   100       0.0332       0.0306      0.00259       0.0814         0.15         1.23       0.0389
    110   200       0.0219       0.0186      0.00334       0.0666        0.117        0.895       0.0425
    110   300      0.00689      0.00598     0.000911       0.0353       0.0664        0.476       0.0214
    110   400       0.0012     0.000822      0.00038       0.0129       0.0246        0.179       0.0132
    110   500      0.00443      0.00392     0.000514       0.0343       0.0537        0.318       0.0145

validation
# Epoch batch         loss       loss_f       loss_e        f_mae       f_rmse        e_mae      e/N_mae
    110   100       0.0129       0.0127     0.000214       0.0595       0.0966        0.221      0.00862


  Train      #    Epoch      wal       LR       loss_f       loss_e         loss        f_mae       f_rmse        e_mae      e/N_mae
! Train             110 17047.064    0.001       0.0208      0.00146       0.0222       0.0663        0.132        0.597       0.0229
! Validation        110 17047.064    0.001       0.0196     0.000448         0.02       0.0685        0.138        0.302       0.0112
Wall time: 17047.071914153
! Best model      110    0.020
Saved trainer to results/MEA_Allegro_0/example/trainer.pth
Saved last model to to results/MEA_Allegro_0/example/last_model.pth

training
# Epoch batch         loss       loss_f       loss_e        f_mae       f_rmse        e_mae      e/N_mae
    111   100     0.000962     0.000679     0.000283       0.0155       0.0224        0.237       0.0118
    111   200       0.0374       0.0363      0.00107        0.085        0.164        0.728       0.0159
    111   300     0.000709     0.000527     0.000182       0.0118       0.0197        0.129         0.01
    111   400      0.00864      0.00549      0.00315       0.0438       0.0636         1.45       0.0401
    111   500      0.00583      0.00484     0.000986       0.0434       0.0597        0.811       0.0218

validation
# Epoch batch         loss       loss_f       loss_e        f_mae       f_rmse        e_mae      e/N_mae
    111   100       0.0124       0.0122     0.000182       0.0588       0.0949        0.185      0.00811


  Train      #    Epoch      wal       LR       loss_f       loss_e         loss        f_mae       f_rmse        e_mae      e/N_mae
! Train             111 17261.569    0.001       0.0202      0.00114       0.0214       0.0651         0.13        0.521       0.0201
! Validation        111 17261.569    0.001       0.0194     0.000466       0.0199       0.0684        0.137        0.301       0.0113
Wall time: 17261.57903113299
! Best model      111    0.020
Saved trainer to results/MEA_Allegro_0/example/trainer.pth
Saved last model to to results/MEA_Allegro_0/example/last_model.pth

training
# Epoch batch         loss       loss_f       loss_e        f_mae       f_rmse        e_mae      e/N_mae
    112   100       0.0156       0.0153     0.000312       0.0628        0.106        0.342       0.0127
    112   200       0.0101      0.00771      0.00235       0.0464       0.0754         1.04       0.0278
    112   300      0.00278      0.00221     0.000578       0.0229       0.0403        0.361        0.015
    112   400      0.00509      0.00458      0.00051       0.0415       0.0581         0.49       0.0145
    112   500      0.00104     0.000512     0.000524      0.00865       0.0194        0.224        0.014

validation
# Epoch batch         loss       loss_f       loss_e        f_mae       f_rmse        e_mae      e/N_mae
    112   100       0.0124       0.0122     0.000212        0.058       0.0947        0.204      0.00881


  Train      #    Epoch      wal       LR       loss_f       loss_e         loss        f_mae       f_rmse        e_mae      e/N_mae
! Train             112 17393.816    0.001         0.02     0.000985        0.021       0.0651         0.13        0.499       0.0188
! Validation        112 17393.816    0.001       0.0193     0.000441       0.0198        0.068        0.137        0.302       0.0111
Wall time: 17393.822568454998
! Best model      112    0.020
Saved trainer to results/MEA_Allegro_0/example/trainer.pth
Saved last model to to results/MEA_Allegro_0/example/last_model.pth

training
# Epoch batch         loss       loss_f       loss_e        f_mae       f_rmse        e_mae      e/N_mae
    113   100       0.0107      0.00671      0.00397       0.0476       0.0703         1.29       0.0435
    113   200       0.0366        0.036      0.00055       0.0783        0.163        0.362       0.0147
    113   300        0.023        0.022      0.00101       0.0666        0.127        0.323       0.0197
    113   400       0.0055      0.00109       0.0044       0.0151       0.0284        0.768       0.0493
    113   500      0.00821      0.00768      0.00053       0.0383       0.0752        0.327       0.0185

validation
# Epoch batch         loss       loss_f       loss_e        f_mae       f_rmse        e_mae      e/N_mae
    113   100        0.013       0.0128     0.000172       0.0609       0.0972        0.112      0.00641


  Train      #    Epoch      wal       LR       loss_f       loss_e         loss        f_mae       f_rmse        e_mae      e/N_mae
! Train             113 17529.253    0.001       0.0211      0.00166       0.0228       0.0665        0.132        0.617       0.0244
! Validation        113 17529.253    0.001       0.0193     0.000449       0.0198       0.0682        0.137        0.294        0.011
Wall time: 17529.261188189994
Saved trainer to results/MEA_Allegro_0/example/trainer.pth
Saved last model to to results/MEA_Allegro_0/example/last_model.pth
EarlyStopping: 1 / 100

training
# Epoch batch         loss       loss_f       loss_e        f_mae       f_rmse        e_mae      e/N_mae
    114   100      0.00388      0.00288     0.000994       0.0272       0.0461         0.48       0.0213
    114   200      0.00116     0.000837     0.000322       0.0129       0.0248       0.0948      0.00982
    114   300       0.0338       0.0309      0.00296       0.0834        0.151         1.06       0.0311
    114   400       0.0121       0.0117     0.000383       0.0564       0.0929        0.521       0.0149
    114   500       0.0678       0.0673     0.000473       0.0996        0.223        0.386       0.0151

validation
# Epoch batch         loss       loss_f       loss_e        f_mae       f_rmse        e_mae      e/N_mae
    114   100       0.0123       0.0121     0.000218       0.0583       0.0942        0.259      0.00923


  Train      #    Epoch      wal       LR       loss_f       loss_e         loss        f_mae       f_rmse        e_mae      e/N_mae
! Train             114 17689.353    0.001       0.0198     0.000988       0.0208       0.0649        0.129        0.484       0.0183
! Validation        114 17689.353    0.001       0.0193     0.000425       0.0197       0.0681        0.136        0.302       0.0109
Wall time: 17689.359475414996
! Best model      114    0.020
Saved trainer to results/MEA_Allegro_0/example/trainer.pth
Saved last model to to results/MEA_Allegro_0/example/last_model.pth

training
# Epoch batch         loss       loss_f       loss_e        f_mae       f_rmse        e_mae      e/N_mae
    115   100      0.00656      0.00603     0.000522       0.0459       0.0667        0.512       0.0155
    115   200      0.00486        0.004     0.000864       0.0312       0.0543        0.529       0.0167
    115   300      0.00373      0.00361     0.000122       0.0332       0.0516         0.15      0.00796
    115   400      0.00206     0.000655       0.0014        0.013        0.022        0.237       0.0218
    115   500       0.0188       0.0184     0.000382       0.0759        0.116        0.578       0.0115

validation
# Epoch batch         loss       loss_f       loss_e        f_mae       f_rmse        e_mae      e/N_mae
    115   100       0.0122        0.012     0.000184       0.0579       0.0941        0.187      0.00788


  Train      #    Epoch      wal       LR       loss_f       loss_e         loss        f_mae       f_rmse        e_mae      e/N_mae
! Train             115 17978.693    0.001       0.0195      0.00098       0.0205       0.0642        0.128        0.469       0.0177
! Validation        115 17978.693    0.001       0.0191     0.000434       0.0196       0.0675        0.136        0.303       0.0109
Wall time: 17978.69835401699
! Best model      115    0.020
Saved trainer to results/MEA_Allegro_0/example/trainer.pth
Saved last model to to results/MEA_Allegro_0/example/last_model.pth

training
# Epoch batch         loss       loss_f       loss_e        f_mae       f_rmse        e_mae      e/N_mae
    116   100       0.0312       0.0308     0.000476        0.081        0.151         0.51       0.0146
    116   200       0.0818       0.0808      0.00101        0.136        0.244        0.654       0.0235
    116   300       0.0123       0.0122     8.55e-05       0.0585       0.0948        0.169      0.00694
    116   400      0.00603      0.00544     0.000596       0.0397       0.0633         0.41       0.0172
    116   500       0.0204       0.0192      0.00123       0.0764        0.119        0.792       0.0254

validation
# Epoch batch         loss       loss_f       loss_e        f_mae       f_rmse        e_mae      e/N_mae
    116   100       0.0123       0.0121     0.000186       0.0572       0.0943        0.202      0.00839


  Train      #    Epoch      wal       LR       loss_f       loss_e         loss        f_mae       f_rmse        e_mae      e/N_mae
! Train             116 18120.153    0.001       0.0204      0.00105       0.0214       0.0652         0.13        0.499        0.019
! Validation        116 18120.153    0.001        0.019     0.000464       0.0195       0.0673        0.136          0.3       0.0109
Wall time: 18120.161922486994
! Best model      116    0.019
Saved trainer to results/MEA_Allegro_0/example/trainer.pth
Saved last model to to results/MEA_Allegro_0/example/last_model.pth

training
# Epoch batch         loss       loss_f       loss_e        f_mae       f_rmse        e_mae      e/N_mae
    117   100        0.013       0.0125     0.000437         0.06       0.0961        0.473       0.0131
    117   200      0.00362      0.00207      0.00156       0.0217        0.039         0.21       0.0198
    117   300       0.0119       0.0115     0.000368        0.036       0.0921        0.311       0.0141
    117   400      0.00185     0.000518      0.00133       0.0128       0.0195        0.358       0.0237
    117   500      0.00339     0.000826      0.00256       0.0155       0.0247        0.304       0.0311

validation
# Epoch batch         loss       loss_f       loss_e        f_mae       f_rmse        e_mae      e/N_mae
    117   100       0.0119       0.0117     0.000152       0.0568       0.0929        0.182      0.00742


  Train      #    Epoch      wal       LR       loss_f       loss_e         loss        f_mae       f_rmse        e_mae      e/N_mae
! Train             117 18243.458    0.001       0.0203       0.0013       0.0216       0.0649        0.129        0.577       0.0218
! Validation        117 18243.458    0.001        0.019     0.000436       0.0194       0.0673        0.136        0.294       0.0108
Wall time: 18243.468056554993
! Best model      117    0.019
Saved trainer to results/MEA_Allegro_0/example/trainer.pth
Saved last model to to results/MEA_Allegro_0/example/last_model.pth

training
# Epoch batch         loss       loss_f       loss_e        f_mae       f_rmse        e_mae      e/N_mae
    118   100      0.00485      0.00437     0.000483       0.0364       0.0568        0.406       0.0149
    118   200       0.0783       0.0769      0.00133        0.106        0.238        0.634       0.0261
    118   300      0.00819      0.00734     0.000854       0.0421       0.0735         0.56       0.0187
    118   400       0.0961       0.0958      0.00026         0.14        0.266        0.222       0.0109
    118   500       0.0866       0.0861     0.000492        0.141        0.252        0.472       0.0166

validation
# Epoch batch         loss       loss_f       loss_e        f_mae       f_rmse        e_mae      e/N_mae
    118   100       0.0122       0.0121     0.000196       0.0581       0.0942        0.232      0.00908


  Train      #    Epoch      wal       LR       loss_f       loss_e         loss        f_mae       f_rmse        e_mae      e/N_mae
! Train             118 18383.232    0.001         0.02      0.00118       0.0212       0.0645        0.129        0.529       0.0199
! Validation        118 18383.232    0.001       0.0189     0.000427       0.0193       0.0671        0.135        0.299       0.0108
Wall time: 18383.238785728987
! Best model      118    0.019
Saved trainer to results/MEA_Allegro_0/example/trainer.pth
Saved last model to to results/MEA_Allegro_0/example/last_model.pth

training
# Epoch batch         loss       loss_f       loss_e        f_mae       f_rmse        e_mae      e/N_mae
    119   100       0.0345       0.0321      0.00237       0.0907        0.154          1.1       0.0395
    119   200         0.06       0.0562      0.00378        0.132        0.203         1.02       0.0322
    119   300       0.0145        0.014     0.000549       0.0626        0.102        0.423       0.0181
    119   400       0.0311         0.03      0.00119        0.079        0.149        0.848       0.0264
    119   500       0.0083      0.00699      0.00132       0.0486       0.0717        0.429       0.0225

validation
# Epoch batch         loss       loss_f       loss_e        f_mae       f_rmse        e_mae      e/N_mae
    119   100       0.0123       0.0121     0.000207       0.0581       0.0943        0.168      0.00847


  Train      #    Epoch      wal       LR       loss_f       loss_e         loss        f_mae       f_rmse        e_mae      e/N_mae
! Train             119 18508.524    0.001       0.0196      0.00112       0.0207        0.064        0.128         0.51       0.0196
! Validation        119 18508.524    0.001       0.0189     0.000426       0.0193       0.0672        0.135          0.3       0.0108
Wall time: 18508.531878445996
Saved trainer to results/MEA_Allegro_0/example/trainer.pth
Saved last model to to results/MEA_Allegro_0/example/last_model.pth
EarlyStopping: 1 / 100

training
# Epoch batch         loss       loss_f       loss_e        f_mae       f_rmse        e_mae      e/N_mae
    120   100       0.0229        0.022     0.000941       0.0783        0.127        0.257       0.0214
    120   200       0.0028       0.0027     0.000102        0.028       0.0446        0.163      0.00692
    120   300       0.0613       0.0604     0.000886        0.127        0.211         0.56       0.0194
    120   400      0.00545      0.00407      0.00138       0.0328       0.0548         0.65        0.023
    120   500       0.0385       0.0361      0.00246       0.0877        0.163        0.963       0.0256

validation
# Epoch batch         loss       loss_f       loss_e        f_mae       f_rmse        e_mae      e/N_mae
    120   100        0.012       0.0119     0.000158       0.0571       0.0935        0.184      0.00759


  Train      #    Epoch      wal       LR       loss_f       loss_e         loss        f_mae       f_rmse        e_mae      e/N_mae
! Train             120 18649.687    0.001       0.0208      0.00114       0.0219       0.0649         0.13        0.528         0.02
! Validation        120 18649.687    0.001       0.0187     0.000416       0.0191       0.0666        0.135        0.288       0.0103
Wall time: 18649.695624827
! Best model      120    0.019
Saved trainer to results/MEA_Allegro_0/example/trainer.pth
Saved last model to to results/MEA_Allegro_0/example/last_model.pth

training
# Epoch batch         loss       loss_f       loss_e        f_mae       f_rmse        e_mae      e/N_mae
    121   100      0.00593      0.00467      0.00126        0.036       0.0587        0.602       0.0222
    121   200       0.0176       0.0173      0.00026       0.0705        0.113        0.476       0.0112
    121   300       0.0908       0.0901     0.000642        0.132        0.258        0.347       0.0191
    121   400      0.00124     0.000627     0.000608       0.0137       0.0215         0.26       0.0163
    121   500      0.00516      0.00429     0.000869       0.0359       0.0562        0.645       0.0216

validation
# Epoch batch         loss       loss_f       loss_e        f_mae       f_rmse        e_mae      e/N_mae
    121   100       0.0121       0.0119     0.000144       0.0574       0.0938        0.199      0.00739


  Train      #    Epoch      wal       LR       loss_f       loss_e         loss        f_mae       f_rmse        e_mae      e/N_mae
! Train             121 18774.536    0.001       0.0199      0.00103       0.0209       0.0637        0.127        0.504       0.0193
! Validation        121 18774.536    0.001       0.0187     0.000429       0.0192       0.0667        0.135        0.298       0.0106
Wall time: 18774.542066578986
Saved trainer to results/MEA_Allegro_0/example/trainer.pth
Saved last model to to results/MEA_Allegro_0/example/last_model.pth
EarlyStopping: 1 / 100

training
# Epoch batch         loss       loss_f       loss_e        f_mae       f_rmse        e_mae      e/N_mae
    122   100      0.00927      0.00383      0.00544       0.0322       0.0531        0.926       0.0376
    122   200       0.0204         0.02     0.000318       0.0644        0.121        0.301       0.0133
    122   300      0.00692      0.00633     0.000583       0.0488       0.0683        0.741        0.016
    122   400      0.00527      0.00402      0.00126       0.0371       0.0544        0.633       0.0217
    122   500     0.000595     0.000428     0.000168       0.0121       0.0178         0.13       0.0086

validation
# Epoch batch         loss       loss_f       loss_e        f_mae       f_rmse        e_mae      e/N_mae
    122   100       0.0118       0.0117     0.000133       0.0574       0.0927        0.188      0.00729


  Train      #    Epoch      wal       LR       loss_f       loss_e         loss        f_mae       f_rmse        e_mae      e/N_mae
! Train             122 18905.153    0.001       0.0194     0.000892       0.0203        0.063        0.127        0.452       0.0172
! Validation        122 18905.153    0.001       0.0186     0.000436       0.0191       0.0665        0.134        0.292       0.0105
Wall time: 18905.159583732995
! Best model      122    0.019
Saved trainer to results/MEA_Allegro_0/example/trainer.pth
Saved last model to to results/MEA_Allegro_0/example/last_model.pth

training
# Epoch batch         loss       loss_f       loss_e        f_mae       f_rmse        e_mae      e/N_mae
    123   100       0.0254       0.0249     0.000582       0.0779        0.135        0.358       0.0162
    123   200      0.00147     0.000753     0.000713        0.015       0.0236        0.222       0.0171
    123   300       0.0141       0.0119      0.00217       0.0551       0.0937        0.764       0.0348
    123   400      0.00273      0.00074      0.00199       0.0146       0.0233        0.146       0.0193
    123   500       0.0403       0.0374      0.00294       0.0865        0.166         1.19       0.0278

validation
# Epoch batch         loss       loss_f       loss_e        f_mae       f_rmse        e_mae      e/N_mae
    123   100       0.0116       0.0114     0.000167       0.0566       0.0916        0.226      0.00858


  Train      #    Epoch      wal       LR       loss_f       loss_e         loss        f_mae       f_rmse        e_mae      e/N_mae
! Train             123 19047.954    0.001       0.0196      0.00105       0.0207       0.0642        0.128        0.507        0.019
! Validation        123 19047.954    0.001       0.0185     0.000396       0.0189       0.0663        0.134        0.284       0.0102
Wall time: 19047.958554484998
! Best model      123    0.019
Saved trainer to results/MEA_Allegro_0/example/trainer.pth
Saved last model to to results/MEA_Allegro_0/example/last_model.pth

training
# Epoch batch         loss       loss_f       loss_e        f_mae       f_rmse        e_mae      e/N_mae
    124   100       0.0694       0.0681      0.00129        0.138        0.224        0.674       0.0229
    124   200      0.00176      0.00129     0.000478       0.0204       0.0308        0.386       0.0139
    124   300      0.00666      0.00551      0.00114       0.0424       0.0637        0.614       0.0211
    124   400       0.0487       0.0476      0.00102       0.0957        0.187        0.732       0.0193
